student_id,form,item_id,correct
demo_A_000,A,su9_vj_0154,0
demo_A_000,A,su9_vj_2714,0
demo_A_000,A,su9_vj_2322,0
demo_A_000,A,su9_vj_1832,0
demo_A_000,A,su9_vj_1749,1
demo_A_000,A,su9_vj_2250,0
demo_A_000,A,su9_vj_1767,1
demo_A_000,A,su9_vj_0449,1
demo_A_000,A,su9_vj_3082,1
demo_A_000,A,su9_vj_0464,1
demo_A_000,A,su9_vj_1958,0
demo_A_000,A,su9_vj_1838,1
demo_A_000,A,su9_vj_0629,0
demo_A_000,A,su9_vj_0054,0
demo_A_000,A,su9_vj_0265,1
demo_A_000,A,su9_vj_0114,1
demo_A_000,A,su9_vj_2924,0
demo_A_000,A,su9_vj_0097,1
demo_A_000,A,su9_vj_3052,1
demo_A_000,A,su9_vj_1823,1
demo_A_000,A,su9_vj_0016,1
demo_A_000,A,su9_vj_0641,1
demo_A_000,A,su9_vj_1857,0
demo_A_000,A,su9_vj_2535,1
demo_A_000,A,su9_vj_0563,0
demo_A_000,A,su9_vj_2926,1
demo_A_000,A,su9_vj_0063,1
demo_A_000,A,su9_vj_2549,1
demo_A_000,A,su9_vj_0003,1
demo_A_000,A,su9_vj_2396,1
demo_A_000,A,su9_vj_2356,0
demo_A_000,A,su9_vj_0758,0
demo_A_000,A,su9_vj_0487,1
demo_A_000,A,su9_vj_0292,0
demo_A_000,A,su9_vj_0637,1
demo_A_000,A,su9_vj_0365,1
demo_A_000,A,su9_vj_0415,1
demo_A_000,A,su9_vj_2152,1
demo_A_000,A,su9_vj_2935,1
demo_A_000,A,su9_vj_2102,1
demo_A_001,A,su9_vj_0154,1
demo_A_001,A,su9_vj_2714,0
demo_A_001,A,su9_vj_2322,0
demo_A_001,A,su9_vj_1832,0
demo_A_001,A,su9_vj_1749,0
demo_A_001,A,su9_vj_2250,1
demo_A_001,A,su9_vj_1767,1
demo_A_001,A,su9_vj_0449,0
demo_A_001,A,su9_vj_3082,1
demo_A_001,A,su9_vj_0464,1
demo_A_001,A,su9_vj_1958,1
demo_A_001,A,su9_vj_1838,1
demo_A_001,A,su9_vj_0629,1
demo_A_001,A,su9_vj_0054,0
demo_A_001,A,su9_vj_0265,1
demo_A_001,A,su9_vj_0114,1
demo_A_001,A,su9_vj_2924,1
demo_A_001,A,su9_vj_0097,1
demo_A_001,A,su9_vj_3052,1
demo_A_001,A,su9_vj_1823,1
demo_A_001,A,su9_vj_0016,1
demo_A_001,A,su9_vj_0641,1
demo_A_001,A,su9_vj_1857,1
demo_A_001,A,su9_vj_2535,0
demo_A_001,A,su9_vj_0563,1
demo_A_001,A,su9_vj_2926,0
demo_A_001,A,su9_vj_0063,1
demo_A_001,A,su9_vj_2549,0
demo_A_001,A,su9_vj_0003,1
demo_A_001,A,su9_vj_2396,0
demo_A_001,A,su9_vj_2356,1
demo_A_001,A,su9_vj_0758,0
demo_A_001,A,su9_vj_0487,1
demo_A_001,A,su9_vj_0292,1
demo_A_001,A,su9_vj_0637,1
demo_A_001,A,su9_vj_0365,1
demo_A_001,A,su9_vj_0415,1
demo_A_001,A,su9_vj_2152,0
demo_A_001,A,su9_vj_2935,0
demo_A_001,A,su9_vj_2102,1
demo_A_002,A,su9_vj_0154,1
demo_A_002,A,su9_vj_2714,1
demo_A_002,A,su9_vj_2322,0
demo_A_002,A,su9_vj_1832,0
demo_A_002,A,su9_vj_1749,0
demo_A_002,A,su9_vj_2250,1
demo_A_002,A,su9_vj_1767,0
demo_A_002,A,su9_vj_0449,1
demo_A_002,A,su9_vj_3082,1
demo_A_002,A,su9_vj_0464,1
demo_A_002,A,su9_vj_1958,1
demo_A_002,A,su9_vj_1838,1
demo_A_002,A,su9_vj_0629,0
demo_A_002,A,su9_vj_0054,1
demo_A_002,A,su9_vj_0265,1
demo_A_002,A,su9_vj_0114,1
demo_A_002,A,su9_vj_2924,1
demo_A_002,A,su9_vj_0097,0
demo_A_002,A,su9_vj_3052,1
demo_A_002,A,su9_vj_1823,1
demo_A_002,A,su9_vj_0016,1
demo_A_002,A,su9_vj_0641,1
demo_A_002,A,su9_vj_1857,1
demo_A_002,A,su9_vj_2535,1
demo_A_002,A,su9_vj_0563,1
demo_A_002,A,su9_vj_2926,1
demo_A_002,A,su9_vj_0063,1
demo_A_002,A,su9_vj_2549,1
demo_A_002,A,su9_vj_0003,0
demo_A_002,A,su9_vj_2396,0
demo_A_002,A,su9_vj_2356,1
demo_A_002,A,su9_vj_0758,1
demo_A_002,A,su9_vj_0487,1
demo_A_002,A,su9_vj_0292,1
demo_A_002,A,su9_vj_0637,1
demo_A_002,A,su9_vj_0365,1
demo_A_002,A,su9_vj_0415,0
demo_A_002,A,su9_vj_2152,1
demo_A_002,A,su9_vj_2935,1
demo_A_002,A,su9_vj_2102,1
demo_A_003,A,su9_vj_0154,1
demo_A_003,A,su9_vj_2714,1
demo_A_003,A,su9_vj_2322,1
demo_A_003,A,su9_vj_1832,1
demo_A_003,A,su9_vj_1749,1
demo_A_003,A,su9_vj_2250,1
demo_A_003,A,su9_vj_1767,1
demo_A_003,A,su9_vj_0449,1
demo_A_003,A,su9_vj_3082,1
demo_A_003,A,su9_vj_0464,1
demo_A_003,A,su9_vj_1958,0
demo_A_003,A,su9_vj_1838,1
demo_A_003,A,su9_vj_0629,0
demo_A_003,A,su9_vj_0054,1
demo_A_003,A,su9_vj_0265,0
demo_A_003,A,su9_vj_0114,1
demo_A_003,A,su9_vj_2924,1
demo_A_003,A,su9_vj_0097,1
demo_A_003,A,su9_vj_3052,0
demo_A_003,A,su9_vj_1823,1
demo_A_003,A,su9_vj_0016,1
demo_A_003,A,su9_vj_0641,1
demo_A_003,A,su9_vj_1857,0
demo_A_003,A,su9_vj_2535,1
demo_A_003,A,su9_vj_0563,1
demo_A_003,A,su9_vj_2926,0
demo_A_003,A,su9_vj_0063,1
demo_A_003,A,su9_vj_2549,1
demo_A_003,A,su9_vj_0003,1
demo_A_003,A,su9_vj_2396,1
demo_A_003,A,su9_vj_2356,1
demo_A_003,A,su9_vj_0758,1
demo_A_003,A,su9_vj_0487,0
demo_A_003,A,su9_vj_0292,1
demo_A_003,A,su9_vj_0637,1
demo_A_003,A,su9_vj_0365,1
demo_A_003,A,su9_vj_0415,1
demo_A_003,A,su9_vj_2152,1
demo_A_003,A,su9_vj_2935,0
demo_A_003,A,su9_vj_2102,0
demo_A_004,A,su9_vj_0154,0
demo_A_004,A,su9_vj_2714,1
demo_A_004,A,su9_vj_2322,0
demo_A_004,A,su9_vj_1832,0
demo_A_004,A,su9_vj_1749,1
demo_A_004,A,su9_vj_2250,1
demo_A_004,A,su9_vj_1767,1
demo_A_004,A,su9_vj_0449,1
demo_A_004,A,su9_vj_3082,1
demo_A_004,A,su9_vj_0464,1
demo_A_004,A,su9_vj_1958,1
demo_A_004,A,su9_vj_1838,1
demo_A_004,A,su9_vj_0629,1
demo_A_004,A,su9_vj_0054,1
demo_A_004,A,su9_vj_0265,0
demo_A_004,A,su9_vj_0114,1
demo_A_004,A,su9_vj_2924,0
demo_A_004,A,su9_vj_0097,1
demo_A_004,A,su9_vj_3052,1
demo_A_004,A,su9_vj_1823,0
demo_A_004,A,su9_vj_0016,1
demo_A_004,A,su9_vj_0641,1
demo_A_004,A,su9_vj_1857,1
demo_A_004,A,su9_vj_2535,0
demo_A_004,A,su9_vj_0563,0
demo_A_004,A,su9_vj_2926,0
demo_A_004,A,su9_vj_0063,1
demo_A_004,A,su9_vj_2549,1
demo_A_004,A,su9_vj_0003,1
demo_A_004,A,su9_vj_2396,1
demo_A_004,A,su9_vj_2356,1
demo_A_004,A,su9_vj_0758,1
demo_A_004,A,su9_vj_0487,0
demo_A_004,A,su9_vj_0292,1
demo_A_004,A,su9_vj_0637,0
demo_A_004,A,su9_vj_0365,1
demo_A_004,A,su9_vj_0415,1
demo_A_004,A,su9_vj_2152,1
demo_A_004,A,su9_vj_2935,1
demo_A_004,A,su9_vj_2102,1
demo_A_005,A,su9_vj_0154,1
demo_A_005,A,su9_vj_2714,0
demo_A_005,A,su9_vj_2322,0
demo_A_005,A,su9_vj_1832,1
demo_A_005,A,su9_vj_1749,1
demo_A_005,A,su9_vj_2250,1
demo_A_005,A,su9_vj_1767,0
demo_A_005,A,su9_vj_0449,1
demo_A_005,A,su9_vj_3082,1
demo_A_005,A,su9_vj_0464,1
demo_A_005,A,su9_vj_1958,1
demo_A_005,A,su9_vj_1838,0
demo_A_005,A,su9_vj_0629,0
demo_A_005,A,su9_vj_0054,1
demo_A_005,A,su9_vj_0265,1
demo_A_005,A,su9_vj_0114,0
demo_A_005,A,su9_vj_2924,1
demo_A_005,A,su9_vj_0097,1
demo_A_005,A,su9_vj_3052,0
demo_A_005,A,su9_vj_1823,1
demo_A_005,A,su9_vj_0016,0
demo_A_005,A,su9_vj_0641,1
demo_A_005,A,su9_vj_1857,1
demo_A_005,A,su9_vj_2535,1
demo_A_005,A,su9_vj_0563,0
demo_A_005,A,su9_vj_2926,1
demo_A_005,A,su9_vj_0063,1
demo_A_005,A,su9_vj_2549,1
demo_A_005,A,su9_vj_0003,1
demo_A_005,A,su9_vj_2396,0
demo_A_005,A,su9_vj_2356,1
demo_A_005,A,su9_vj_0758,1
demo_A_005,A,su9_vj_0487,0
demo_A_005,A,su9_vj_0292,1
demo_A_005,A,su9_vj_0637,0
demo_A_005,A,su9_vj_0365,1
demo_A_005,A,su9_vj_0415,1
demo_A_005,A,su9_vj_2152,0
demo_A_005,A,su9_vj_2935,1
demo_A_005,A,su9_vj_2102,1
demo_A_006,A,su9_vj_0154,1
demo_A_006,A,su9_vj_2714,1
demo_A_006,A,su9_vj_2322,0
demo_A_006,A,su9_vj_1832,1
demo_A_006,A,su9_vj_1749,1
demo_A_006,A,su9_vj_2250,1
demo_A_006,A,su9_vj_1767,1
demo_A_006,A,su9_vj_0449,1
demo_A_006,A,su9_vj_3082,1
demo_A_006,A,su9_vj_0464,1
demo_A_006,A,su9_vj_1958,1
demo_A_006,A,su9_vj_1838,1
demo_A_006,A,su9_vj_0629,1
demo_A_006,A,su9_vj_0054,1
demo_A_006,A,su9_vj_0265,0
demo_A_006,A,su9_vj_0114,1
demo_A_006,A,su9_vj_2924,1
demo_A_006,A,su9_vj_0097,1
demo_A_006,A,su9_vj_3052,0
demo_A_006,A,su9_vj_1823,1
demo_A_006,A,su9_vj_0016,1
demo_A_006,A,su9_vj_0641,1
demo_A_006,A,su9_vj_1857,1
demo_A_006,A,su9_vj_2535,0
demo_A_006,A,su9_vj_0563,1
demo_A_006,A,su9_vj_2926,0
demo_A_006,A,su9_vj_0063,1
demo_A_006,A,su9_vj_2549,1
demo_A_006,A,su9_vj_0003,0
demo_A_006,A,su9_vj_2396,0
demo_A_006,A,su9_vj_2356,1
demo_A_006,A,su9_vj_0758,1
demo_A_006,A,su9_vj_0487,1
demo_A_006,A,su9_vj_0292,1
demo_A_006,A,su9_vj_0637,1
demo_A_006,A,su9_vj_0365,1
demo_A_006,A,su9_vj_0415,1
demo_A_006,A,su9_vj_2152,1
demo_A_006,A,su9_vj_2935,1
demo_A_006,A,su9_vj_2102,0
demo_A_007,A,su9_vj_0154,1
demo_A_007,A,su9_vj_2714,1
demo_A_007,A,su9_vj_2322,1
demo_A_007,A,su9_vj_1832,1
demo_A_007,A,su9_vj_1749,1
demo_A_007,A,su9_vj_2250,1
demo_A_007,A,su9_vj_1767,1
demo_A_007,A,su9_vj_0449,0
demo_A_007,A,su9_vj_3082,0
demo_A_007,A,su9_vj_0464,1
demo_A_007,A,su9_vj_1958,0
demo_A_007,A,su9_vj_1838,0
demo_A_007,A,su9_vj_0629,0
demo_A_007,A,su9_vj_0054,1
demo_A_007,A,su9_vj_0265,1
demo_A_007,A,su9_vj_0114,1
demo_A_007,A,su9_vj_2924,0
demo_A_007,A,su9_vj_0097,1
demo_A_007,A,su9_vj_3052,1
demo_A_007,A,su9_vj_1823,0
demo_A_007,A,su9_vj_0016,1
demo_A_007,A,su9_vj_0641,1
demo_A_007,A,su9_vj_1857,0
demo_A_007,A,su9_vj_2535,0
demo_A_007,A,su9_vj_0563,1
demo_A_007,A,su9_vj_2926,1
demo_A_007,A,su9_vj_0063,0
demo_A_007,A,su9_vj_2549,1
demo_A_007,A,su9_vj_0003,1
demo_A_007,A,su9_vj_2396,0
demo_A_007,A,su9_vj_2356,0
demo_A_007,A,su9_vj_0758,0
demo_A_007,A,su9_vj_0487,0
demo_A_007,A,su9_vj_0292,1
demo_A_007,A,su9_vj_0637,0
demo_A_007,A,su9_vj_0365,1
demo_A_007,A,su9_vj_0415,0
demo_A_007,A,su9_vj_2152,1
demo_A_007,A,su9_vj_2935,1
demo_A_007,A,su9_vj_2102,1
demo_A_008,A,su9_vj_0154,1
demo_A_008,A,su9_vj_2714,1
demo_A_008,A,su9_vj_2322,0
demo_A_008,A,su9_vj_1832,1
demo_A_008,A,su9_vj_1749,1
demo_A_008,A,su9_vj_2250,1
demo_A_008,A,su9_vj_1767,0
demo_A_008,A,su9_vj_0449,1
demo_A_008,A,su9_vj_3082,1
demo_A_008,A,su9_vj_0464,1
demo_A_008,A,su9_vj_1958,1
demo_A_008,A,su9_vj_1838,1
demo_A_008,A,su9_vj_0629,1
demo_A_008,A,su9_vj_0054,1
demo_A_008,A,su9_vj_0265,0
demo_A_008,A,su9_vj_0114,0
demo_A_008,A,su9_vj_2924,1
demo_A_008,A,su9_vj_0097,1
demo_A_008,A,su9_vj_3052,1
demo_A_008,A,su9_vj_1823,1
demo_A_008,A,su9_vj_0016,0
demo_A_008,A,su9_vj_0641,1
demo_A_008,A,su9_vj_1857,0
demo_A_008,A,su9_vj_2535,1
demo_A_008,A,su9_vj_0563,1
demo_A_008,A,su9_vj_2926,1
demo_A_008,A,su9_vj_0063,1
demo_A_008,A,su9_vj_2549,1
demo_A_008,A,su9_vj_0003,1
demo_A_008,A,su9_vj_2396,1
demo_A_008,A,su9_vj_2356,1
demo_A_008,A,su9_vj_0758,1
demo_A_008,A,su9_vj_0487,0
demo_A_008,A,su9_vj_0292,1
demo_A_008,A,su9_vj_0637,1
demo_A_008,A,su9_vj_0365,1
demo_A_008,A,su9_vj_0415,1
demo_A_008,A,su9_vj_2152,1
demo_A_008,A,su9_vj_2935,1
demo_A_008,A,su9_vj_2102,1
demo_A_009,A,su9_vj_0154,1
demo_A_009,A,su9_vj_2714,0
demo_A_009,A,su9_vj_2322,0
demo_A_009,A,su9_vj_1832,1
demo_A_009,A,su9_vj_1749,1
demo_A_009,A,su9_vj_2250,1
demo_A_009,A,su9_vj_1767,0
demo_A_009,A,su9_vj_0449,1
demo_A_009,A,su9_vj_3082,1
demo_A_009,A,su9_vj_0464,1
demo_A_009,A,su9_vj_1958,0
demo_A_009,A,su9_vj_1838,1
demo_A_009,A,su9_vj_0629,1
demo_A_009,A,su9_vj_0054,1
demo_A_009,A,su9_vj_0265,0
demo_A_009,A,su9_vj_0114,1
demo_A_009,A,su9_vj_2924,0
demo_A_009,A,su9_vj_0097,0
demo_A_009,A,su9_vj_3052,0
demo_A_009,A,su9_vj_1823,1
demo_A_009,A,su9_vj_0016,1
demo_A_009,A,su9_vj_0641,1
demo_A_009,A,su9_vj_1857,1
demo_A_009,A,su9_vj_2535,1
demo_A_009,A,su9_vj_0563,1
demo_A_009,A,su9_vj_2926,1
demo_A_009,A,su9_vj_0063,1
demo_A_009,A,su9_vj_2549,1
demo_A_009,A,su9_vj_0003,1
demo_A_009,A,su9_vj_2396,1
demo_A_009,A,su9_vj_2356,1
demo_A_009,A,su9_vj_0758,1
demo_A_009,A,su9_vj_0487,1
demo_A_009,A,su9_vj_0292,0
demo_A_009,A,su9_vj_0637,1
demo_A_009,A,su9_vj_0365,1
demo_A_009,A,su9_vj_0415,0
demo_A_009,A,su9_vj_2152,0
demo_A_009,A,su9_vj_2935,1
demo_A_009,A,su9_vj_2102,0
demo_A_010,A,su9_vj_0154,1
demo_A_010,A,su9_vj_2714,0
demo_A_010,A,su9_vj_2322,1
demo_A_010,A,su9_vj_1832,1
demo_A_010,A,su9_vj_1749,0
demo_A_010,A,su9_vj_2250,1
demo_A_010,A,su9_vj_1767,0
demo_A_010,A,su9_vj_0449,1
demo_A_010,A,su9_vj_3082,1
demo_A_010,A,su9_vj_0464,1
demo_A_010,A,su9_vj_1958,1
demo_A_010,A,su9_vj_1838,1
demo_A_010,A,su9_vj_0629,1
demo_A_010,A,su9_vj_0054,1
demo_A_010,A,su9_vj_0265,0
demo_A_010,A,su9_vj_0114,1
demo_A_010,A,su9_vj_2924,1
demo_A_010,A,su9_vj_0097,0
demo_A_010,A,su9_vj_3052,1
demo_A_010,A,su9_vj_1823,1
demo_A_010,A,su9_vj_0016,1
demo_A_010,A,su9_vj_0641,1
demo_A_010,A,su9_vj_1857,1
demo_A_010,A,su9_vj_2535,1
demo_A_010,A,su9_vj_0563,0
demo_A_010,A,su9_vj_2926,0
demo_A_010,A,su9_vj_0063,1
demo_A_010,A,su9_vj_2549,0
demo_A_010,A,su9_vj_0003,1
demo_A_010,A,su9_vj_2396,0
demo_A_010,A,su9_vj_2356,0
demo_A_010,A,su9_vj_0758,1
demo_A_010,A,su9_vj_0487,1
demo_A_010,A,su9_vj_0292,1
demo_A_010,A,su9_vj_0637,0
demo_A_010,A,su9_vj_0365,1
demo_A_010,A,su9_vj_0415,1
demo_A_010,A,su9_vj_2152,1
demo_A_010,A,su9_vj_2935,0
demo_A_010,A,su9_vj_2102,1
demo_A_011,A,su9_vj_0154,0
demo_A_011,A,su9_vj_2714,1
demo_A_011,A,su9_vj_2322,1
demo_A_011,A,su9_vj_1832,0
demo_A_011,A,su9_vj_1749,1
demo_A_011,A,su9_vj_2250,0
demo_A_011,A,su9_vj_1767,1
demo_A_011,A,su9_vj_0449,1
demo_A_011,A,su9_vj_3082,1
demo_A_011,A,su9_vj_0464,1
demo_A_011,A,su9_vj_1958,1
demo_A_011,A,su9_vj_1838,0
demo_A_011,A,su9_vj_0629,1
demo_A_011,A,su9_vj_0054,1
demo_A_011,A,su9_vj_0265,1
demo_A_011,A,su9_vj_0114,1
demo_A_011,A,su9_vj_2924,1
demo_A_011,A,su9_vj_0097,0
demo_A_011,A,su9_vj_3052,0
demo_A_011,A,su9_vj_1823,0
demo_A_011,A,su9_vj_0016,1
demo_A_011,A,su9_vj_0641,0
demo_A_011,A,su9_vj_1857,1
demo_A_011,A,su9_vj_2535,1
demo_A_011,A,su9_vj_0563,1
demo_A_011,A,su9_vj_2926,1
demo_A_011,A,su9_vj_0063,1
demo_A_011,A,su9_vj_2549,1
demo_A_011,A,su9_vj_0003,1
demo_A_011,A,su9_vj_2396,1
demo_A_011,A,su9_vj_2356,1
demo_A_011,A,su9_vj_0758,1
demo_A_011,A,su9_vj_0487,1
demo_A_011,A,su9_vj_0292,1
demo_A_011,A,su9_vj_0637,1
demo_A_011,A,su9_vj_0365,1
demo_A_011,A,su9_vj_0415,1
demo_A_011,A,su9_vj_2152,0
demo_A_011,A,su9_vj_2935,0
demo_A_011,A,su9_vj_2102,1
demo_A_012,A,su9_vj_0154,0
demo_A_012,A,su9_vj_2714,1
demo_A_012,A,su9_vj_2322,1
demo_A_012,A,su9_vj_1832,1
demo_A_012,A,su9_vj_1749,1
demo_A_012,A,su9_vj_2250,1
demo_A_012,A,su9_vj_1767,0
demo_A_012,A,su9_vj_0449,1
demo_A_012,A,su9_vj_3082,1
demo_A_012,A,su9_vj_0464,1
demo_A_012,A,su9_vj_1958,1
demo_A_012,A,su9_vj_1838,0
demo_A_012,A,su9_vj_0629,1
demo_A_012,A,su9_vj_0054,1
demo_A_012,A,su9_vj_0265,1
demo_A_012,A,su9_vj_0114,0
demo_A_012,A,su9_vj_2924,1
demo_A_012,A,su9_vj_0097,0
demo_A_012,A,su9_vj_3052,0
demo_A_012,A,su9_vj_1823,1
demo_A_012,A,su9_vj_0016,1
demo_A_012,A,su9_vj_0641,1
demo_A_012,A,su9_vj_1857,1
demo_A_012,A,su9_vj_2535,0
demo_A_012,A,su9_vj_0563,1
demo_A_012,A,su9_vj_2926,1
demo_A_012,A,su9_vj_0063,0
demo_A_012,A,su9_vj_2549,1
demo_A_012,A,su9_vj_0003,1
demo_A_012,A,su9_vj_2396,1
demo_A_012,A,su9_vj_2356,1
demo_A_012,A,su9_vj_0758,0
demo_A_012,A,su9_vj_0487,1
demo_A_012,A,su9_vj_0292,1
demo_A_012,A,su9_vj_0637,1
demo_A_012,A,su9_vj_0365,1
demo_A_012,A,su9_vj_0415,1
demo_A_012,A,su9_vj_2152,1
demo_A_012,A,su9_vj_2935,1
demo_A_012,A,su9_vj_2102,1
demo_A_013,A,su9_vj_0154,0
demo_A_013,A,su9_vj_2714,1
demo_A_013,A,su9_vj_2322,1
demo_A_013,A,su9_vj_1832,1
demo_A_013,A,su9_vj_1749,0
demo_A_013,A,su9_vj_2250,1
demo_A_013,A,su9_vj_1767,1
demo_A_013,A,su9_vj_0449,1
demo_A_013,A,su9_vj_3082,1
demo_A_013,A,su9_vj_0464,1
demo_A_013,A,su9_vj_1958,0
demo_A_013,A,su9_vj_1838,1
demo_A_013,A,su9_vj_0629,1
demo_A_013,A,su9_vj_0054,1
demo_A_013,A,su9_vj_0265,0
demo_A_013,A,su9_vj_0114,1
demo_A_013,A,su9_vj_2924,1
demo_A_013,A,su9_vj_0097,1
demo_A_013,A,su9_vj_3052,0
demo_A_013,A,su9_vj_1823,0
demo_A_013,A,su9_vj_0016,0
demo_A_013,A,su9_vj_0641,1
demo_A_013,A,su9_vj_1857,0
demo_A_013,A,su9_vj_2535,1
demo_A_013,A,su9_vj_0563,1
demo_A_013,A,su9_vj_2926,1
demo_A_013,A,su9_vj_0063,0
demo_A_013,A,su9_vj_2549,1
demo_A_013,A,su9_vj_0003,1
demo_A_013,A,su9_vj_2396,0
demo_A_013,A,su9_vj_2356,1
demo_A_013,A,su9_vj_0758,1
demo_A_013,A,su9_vj_0487,0
demo_A_013,A,su9_vj_0292,1
demo_A_013,A,su9_vj_0637,0
demo_A_013,A,su9_vj_0365,0
demo_A_013,A,su9_vj_0415,1
demo_A_013,A,su9_vj_2152,0
demo_A_013,A,su9_vj_2935,0
demo_A_013,A,su9_vj_2102,1
demo_A_014,A,su9_vj_0154,0
demo_A_014,A,su9_vj_2714,1
demo_A_014,A,su9_vj_2322,1
demo_A_014,A,su9_vj_1832,1
demo_A_014,A,su9_vj_1749,1
demo_A_014,A,su9_vj_2250,1
demo_A_014,A,su9_vj_1767,1
demo_A_014,A,su9_vj_0449,0
demo_A_014,A,su9_vj_3082,1
demo_A_014,A,su9_vj_0464,1
demo_A_014,A,su9_vj_1958,1
demo_A_014,A,su9_vj_1838,0
demo_A_014,A,su9_vj_0629,0
demo_A_014,A,su9_vj_0054,0
demo_A_014,A,su9_vj_0265,0
demo_A_014,A,su9_vj_0114,0
demo_A_014,A,su9_vj_2924,1
demo_A_014,A,su9_vj_0097,1
demo_A_014,A,su9_vj_3052,1
demo_A_014,A,su9_vj_1823,0
demo_A_014,A,su9_vj_0016,1
demo_A_014,A,su9_vj_0641,1
demo_A_014,A,su9_vj_1857,1
demo_A_014,A,su9_vj_2535,1
demo_A_014,A,su9_vj_0563,1
demo_A_014,A,su9_vj_2926,0
demo_A_014,A,su9_vj_0063,1
demo_A_014,A,su9_vj_2549,1
demo_A_014,A,su9_vj_0003,0
demo_A_014,A,su9_vj_2396,1
demo_A_014,A,su9_vj_2356,1
demo_A_014,A,su9_vj_0758,0
demo_A_014,A,su9_vj_0487,0
demo_A_014,A,su9_vj_0292,1
demo_A_014,A,su9_vj_0637,0
demo_A_014,A,su9_vj_0365,0
demo_A_014,A,su9_vj_0415,1
demo_A_014,A,su9_vj_2152,0
demo_A_014,A,su9_vj_2935,1
demo_A_014,A,su9_vj_2102,0
demo_A_015,A,su9_vj_0154,1
demo_A_015,A,su9_vj_2714,0
demo_A_015,A,su9_vj_2322,1
demo_A_015,A,su9_vj_1832,1
demo_A_015,A,su9_vj_1749,1
demo_A_015,A,su9_vj_2250,1
demo_A_015,A,su9_vj_1767,0
demo_A_015,A,su9_vj_0449,1
demo_A_015,A,su9_vj_3082,0
demo_A_015,A,su9_vj_0464,1
demo_A_015,A,su9_vj_1958,1
demo_A_015,A,su9_vj_1838,0
demo_A_015,A,su9_vj_0629,1
demo_A_015,A,su9_vj_0054,0
demo_A_015,A,su9_vj_0265,1
demo_A_015,A,su9_vj_0114,0
demo_A_015,A,su9_vj_2924,1
demo_A_015,A,su9_vj_0097,1
demo_A_015,A,su9_vj_3052,1
demo_A_015,A,su9_vj_1823,1
demo_A_015,A,su9_vj_0016,0
demo_A_015,A,su9_vj_0641,0
demo_A_015,A,su9_vj_1857,1
demo_A_015,A,su9_vj_2535,1
demo_A_015,A,su9_vj_0563,1
demo_A_015,A,su9_vj_2926,0
demo_A_015,A,su9_vj_0063,0
demo_A_015,A,su9_vj_2549,1
demo_A_015,A,su9_vj_0003,1
demo_A_015,A,su9_vj_2396,0
demo_A_015,A,su9_vj_2356,1
demo_A_015,A,su9_vj_0758,0
demo_A_015,A,su9_vj_0487,1
demo_A_015,A,su9_vj_0292,0
demo_A_015,A,su9_vj_0637,1
demo_A_015,A,su9_vj_0365,1
demo_A_015,A,su9_vj_0415,0
demo_A_015,A,su9_vj_2152,0
demo_A_015,A,su9_vj_2935,0
demo_A_015,A,su9_vj_2102,1
demo_A_016,A,su9_vj_0154,0
demo_A_016,A,su9_vj_2714,1
demo_A_016,A,su9_vj_2322,1
demo_A_016,A,su9_vj_1832,0
demo_A_016,A,su9_vj_1749,0
demo_A_016,A,su9_vj_2250,0
demo_A_016,A,su9_vj_1767,1
demo_A_016,A,su9_vj_0449,1
demo_A_016,A,su9_vj_3082,1
demo_A_016,A,su9_vj_0464,0
demo_A_016,A,su9_vj_1958,1
demo_A_016,A,su9_vj_1838,1
demo_A_016,A,su9_vj_0629,1
demo_A_016,A,su9_vj_0054,1
demo_A_016,A,su9_vj_0265,1
demo_A_016,A,su9_vj_0114,0
demo_A_016,A,su9_vj_2924,0
demo_A_016,A,su9_vj_0097,1
demo_A_016,A,su9_vj_3052,1
demo_A_016,A,su9_vj_1823,0
demo_A_016,A,su9_vj_0016,0
demo_A_016,A,su9_vj_0641,0
demo_A_016,A,su9_vj_1857,0
demo_A_016,A,su9_vj_2535,1
demo_A_016,A,su9_vj_0563,1
demo_A_016,A,su9_vj_2926,0
demo_A_016,A,su9_vj_0063,0
demo_A_016,A,su9_vj_2549,1
demo_A_016,A,su9_vj_0003,1
demo_A_016,A,su9_vj_2396,1
demo_A_016,A,su9_vj_2356,1
demo_A_016,A,su9_vj_0758,1
demo_A_016,A,su9_vj_0487,0
demo_A_016,A,su9_vj_0292,1
demo_A_016,A,su9_vj_0637,1
demo_A_016,A,su9_vj_0365,1
demo_A_016,A,su9_vj_0415,1
demo_A_016,A,su9_vj_2152,1
demo_A_016,A,su9_vj_2935,1
demo_A_016,A,su9_vj_2102,1
demo_A_017,A,su9_vj_0154,0
demo_A_017,A,su9_vj_2714,0
demo_A_017,A,su9_vj_2322,1
demo_A_017,A,su9_vj_1832,1
demo_A_017,A,su9_vj_1749,0
demo_A_017,A,su9_vj_2250,1
demo_A_017,A,su9_vj_1767,0
demo_A_017,A,su9_vj_0449,1
demo_A_017,A,su9_vj_3082,1
demo_A_017,A,su9_vj_0464,1
demo_A_017,A,su9_vj_1958,1
demo_A_017,A,su9_vj_1838,1
demo_A_017,A,su9_vj_0629,0
demo_A_017,A,su9_vj_0054,0
demo_A_017,A,su9_vj_0265,1
demo_A_017,A,su9_vj_0114,1
demo_A_017,A,su9_vj_2924,1
demo_A_017,A,su9_vj_0097,1
demo_A_017,A,su9_vj_3052,0
demo_A_017,A,su9_vj_1823,1
demo_A_017,A,su9_vj_0016,1
demo_A_017,A,su9_vj_0641,0
demo_A_017,A,su9_vj_1857,0
demo_A_017,A,su9_vj_2535,0
demo_A_017,A,su9_vj_0563,0
demo_A_017,A,su9_vj_2926,1
demo_A_017,A,su9_vj_0063,1
demo_A_017,A,su9_vj_2549,0
demo_A_017,A,su9_vj_0003,1
demo_A_017,A,su9_vj_2396,0
demo_A_017,A,su9_vj_2356,1
demo_A_017,A,su9_vj_0758,0
demo_A_017,A,su9_vj_0487,1
demo_A_017,A,su9_vj_0292,1
demo_A_017,A,su9_vj_0637,1
demo_A_017,A,su9_vj_0365,1
demo_A_017,A,su9_vj_0415,1
demo_A_017,A,su9_vj_2152,1
demo_A_017,A,su9_vj_2935,0
demo_A_017,A,su9_vj_2102,1
demo_A_018,A,su9_vj_0154,1
demo_A_018,A,su9_vj_2714,1
demo_A_018,A,su9_vj_2322,0
demo_A_018,A,su9_vj_1832,0
demo_A_018,A,su9_vj_1749,1
demo_A_018,A,su9_vj_2250,1
demo_A_018,A,su9_vj_1767,1
demo_A_018,A,su9_vj_0449,0
demo_A_018,A,su9_vj_3082,1
demo_A_018,A,su9_vj_0464,1
demo_A_018,A,su9_vj_1958,1
demo_A_018,A,su9_vj_1838,0
demo_A_018,A,su9_vj_0629,1
demo_A_018,A,su9_vj_0054,1
demo_A_018,A,su9_vj_0265,1
demo_A_018,A,su9_vj_0114,1
demo_A_018,A,su9_vj_2924,1
demo_A_018,A,su9_vj_0097,0
demo_A_018,A,su9_vj_3052,1
demo_A_018,A,su9_vj_1823,1
demo_A_018,A,su9_vj_0016,0
demo_A_018,A,su9_vj_0641,1
demo_A_018,A,su9_vj_1857,1
demo_A_018,A,su9_vj_2535,1
demo_A_018,A,su9_vj_0563,1
demo_A_018,A,su9_vj_2926,1
demo_A_018,A,su9_vj_0063,1
demo_A_018,A,su9_vj_2549,1
demo_A_018,A,su9_vj_0003,0
demo_A_018,A,su9_vj_2396,1
demo_A_018,A,su9_vj_2356,1
demo_A_018,A,su9_vj_0758,1
demo_A_018,A,su9_vj_0487,1
demo_A_018,A,su9_vj_0292,1
demo_A_018,A,su9_vj_0637,1
demo_A_018,A,su9_vj_0365,1
demo_A_018,A,su9_vj_0415,1
demo_A_018,A,su9_vj_2152,1
demo_A_018,A,su9_vj_2935,1
demo_A_018,A,su9_vj_2102,1
demo_A_019,A,su9_vj_0154,0
demo_A_019,A,su9_vj_2714,1
demo_A_019,A,su9_vj_2322,0
demo_A_019,A,su9_vj_1832,1
demo_A_019,A,su9_vj_1749,0
demo_A_019,A,su9_vj_2250,1
demo_A_019,A,su9_vj_1767,1
demo_A_019,A,su9_vj_0449,0
demo_A_019,A,su9_vj_3082,1
demo_A_019,A,su9_vj_0464,1
demo_A_019,A,su9_vj_1958,1
demo_A_019,A,su9_vj_1838,1
demo_A_019,A,su9_vj_0629,0
demo_A_019,A,su9_vj_0054,1
demo_A_019,A,su9_vj_0265,1
demo_A_019,A,su9_vj_0114,1
demo_A_019,A,su9_vj_2924,1
demo_A_019,A,su9_vj_0097,1
demo_A_019,A,su9_vj_3052,0
demo_A_019,A,su9_vj_1823,0
demo_A_019,A,su9_vj_0016,0
demo_A_019,A,su9_vj_0641,1
demo_A_019,A,su9_vj_1857,0
demo_A_019,A,su9_vj_2535,1
demo_A_019,A,su9_vj_0563,1
demo_A_019,A,su9_vj_2926,0
demo_A_019,A,su9_vj_0063,1
demo_A_019,A,su9_vj_2549,0
demo_A_019,A,su9_vj_0003,1
demo_A_019,A,su9_vj_2396,1
demo_A_019,A,su9_vj_2356,1
demo_A_019,A,su9_vj_0758,0
demo_A_019,A,su9_vj_0487,1
demo_A_019,A,su9_vj_0292,0
demo_A_019,A,su9_vj_0637,1
demo_A_019,A,su9_vj_0365,1
demo_A_019,A,su9_vj_0415,0
demo_A_019,A,su9_vj_2152,0
demo_A_019,A,su9_vj_2935,0
demo_A_019,A,su9_vj_2102,1
demo_B_000,B,su9_vj_0154,0
demo_B_000,B,su9_vj_2714,1
demo_B_000,B,su9_vj_2322,0
demo_B_000,B,su9_vj_1832,0
demo_B_000,B,su9_vj_1749,0
demo_B_000,B,su9_vj_2250,1
demo_B_000,B,su9_vj_1767,0
demo_B_000,B,su9_vj_0449,1
demo_B_000,B,su9_vj_3082,1
demo_B_000,B,su9_vj_0464,0
demo_B_000,B,su9_vj_1780,1
demo_B_000,B,su9_vj_0149,0
demo_B_000,B,su9_vj_2838,1
demo_B_000,B,su9_vj_0434,1
demo_B_000,B,su9_vj_2963,1
demo_B_000,B,su9_vj_0143,0
demo_B_000,B,su9_vj_0448,1
demo_B_000,B,su9_vj_0451,1
demo_B_000,B,su9_vj_2246,1
demo_B_000,B,su9_vj_2196,1
demo_B_000,B,su9_vj_0206,1
demo_B_000,B,su9_vj_2827,0
demo_B_000,B,su9_vj_2913,1
demo_B_000,B,su9_vj_2385,1
demo_B_000,B,su9_vj_0348,0
demo_B_000,B,su9_vj_0083,1
demo_B_000,B,su9_vj_0355,1
demo_B_000,B,su9_vj_2857,1
demo_B_000,B,su9_vj_2784,1
demo_B_000,B,su9_vj_0407,1
demo_B_000,B,su9_vj_2621,0
demo_B_000,B,su9_vj_2651,1
demo_B_000,B,su9_vj_1276,0
demo_B_000,B,su9_vj_0552,0
demo_B_000,B,su9_vj_0093,1
demo_B_000,B,su9_vj_0525,1
demo_B_000,B,su9_vj_0358,1
demo_B_000,B,su9_vj_0589,1
demo_B_000,B,su9_vj_2531,1
demo_B_000,B,su9_vj_0031,1
demo_B_001,B,su9_vj_0154,0
demo_B_001,B,su9_vj_2714,1
demo_B_001,B,su9_vj_2322,0
demo_B_001,B,su9_vj_1832,1
demo_B_001,B,su9_vj_1749,1
demo_B_001,B,su9_vj_2250,0
demo_B_001,B,su9_vj_1767,1
demo_B_001,B,su9_vj_0449,1
demo_B_001,B,su9_vj_3082,1
demo_B_001,B,su9_vj_0464,0
demo_B_001,B,su9_vj_1780,1
demo_B_001,B,su9_vj_0149,1
demo_B_001,B,su9_vj_2838,1
demo_B_001,B,su9_vj_0434,0
demo_B_001,B,su9_vj_2963,1
demo_B_001,B,su9_vj_0143,1
demo_B_001,B,su9_vj_0448,0
demo_B_001,B,su9_vj_0451,0
demo_B_001,B,su9_vj_2246,1
demo_B_001,B,su9_vj_2196,1
demo_B_001,B,su9_vj_0206,0
demo_B_001,B,su9_vj_2827,0
demo_B_001,B,su9_vj_2913,1
demo_B_001,B,su9_vj_2385,1
demo_B_001,B,su9_vj_0348,1
demo_B_001,B,su9_vj_0083,1
demo_B_001,B,su9_vj_0355,1
demo_B_001,B,su9_vj_2857,1
demo_B_001,B,su9_vj_2784,1
demo_B_001,B,su9_vj_0407,1
demo_B_001,B,su9_vj_2621,1
demo_B_001,B,su9_vj_2651,1
demo_B_001,B,su9_vj_1276,1
demo_B_001,B,su9_vj_0552,1
demo_B_001,B,su9_vj_0093,1
demo_B_001,B,su9_vj_0525,1
demo_B_001,B,su9_vj_0358,1
demo_B_001,B,su9_vj_0589,1
demo_B_001,B,su9_vj_2531,1
demo_B_001,B,su9_vj_0031,1
demo_B_002,B,su9_vj_0154,1
demo_B_002,B,su9_vj_2714,0
demo_B_002,B,su9_vj_2322,1
demo_B_002,B,su9_vj_1832,1
demo_B_002,B,su9_vj_1749,0
demo_B_002,B,su9_vj_2250,1
demo_B_002,B,su9_vj_1767,1
demo_B_002,B,su9_vj_0449,1
demo_B_002,B,su9_vj_3082,0
demo_B_002,B,su9_vj_0464,1
demo_B_002,B,su9_vj_1780,1
demo_B_002,B,su9_vj_0149,1
demo_B_002,B,su9_vj_2838,1
demo_B_002,B,su9_vj_0434,1
demo_B_002,B,su9_vj_2963,1
demo_B_002,B,su9_vj_0143,1
demo_B_002,B,su9_vj_0448,1
demo_B_002,B,su9_vj_0451,1
demo_B_002,B,su9_vj_2246,1
demo_B_002,B,su9_vj_2196,1
demo_B_002,B,su9_vj_0206,1
demo_B_002,B,su9_vj_2827,0
demo_B_002,B,su9_vj_2913,1
demo_B_002,B,su9_vj_2385,0
demo_B_002,B,su9_vj_0348,1
demo_B_002,B,su9_vj_0083,0
demo_B_002,B,su9_vj_0355,1
demo_B_002,B,su9_vj_2857,1
demo_B_002,B,su9_vj_2784,0
demo_B_002,B,su9_vj_0407,0
demo_B_002,B,su9_vj_2621,1
demo_B_002,B,su9_vj_2651,1
demo_B_002,B,su9_vj_1276,1
demo_B_002,B,su9_vj_0552,1
demo_B_002,B,su9_vj_0093,1
demo_B_002,B,su9_vj_0525,0
demo_B_002,B,su9_vj_0358,1
demo_B_002,B,su9_vj_0589,1
demo_B_002,B,su9_vj_2531,0
demo_B_002,B,su9_vj_0031,0
demo_B_003,B,su9_vj_0154,1
demo_B_003,B,su9_vj_2714,0
demo_B_003,B,su9_vj_2322,1
demo_B_003,B,su9_vj_1832,0
demo_B_003,B,su9_vj_1749,0
demo_B_003,B,su9_vj_2250,0
demo_B_003,B,su9_vj_1767,1
demo_B_003,B,su9_vj_0449,1
demo_B_003,B,su9_vj_3082,1
demo_B_003,B,su9_vj_0464,1
demo_B_003,B,su9_vj_1780,1
demo_B_003,B,su9_vj_0149,1
demo_B_003,B,su9_vj_2838,1
demo_B_003,B,su9_vj_0434,1
demo_B_003,B,su9_vj_2963,1
demo_B_003,B,su9_vj_0143,1
demo_B_003,B,su9_vj_0448,0
demo_B_003,B,su9_vj_0451,0
demo_B_003,B,su9_vj_2246,1
demo_B_003,B,su9_vj_2196,0
demo_B_003,B,su9_vj_0206,1
demo_B_003,B,su9_vj_2827,1
demo_B_003,B,su9_vj_2913,1
demo_B_003,B,su9_vj_2385,1
demo_B_003,B,su9_vj_0348,1
demo_B_003,B,su9_vj_0083,1
demo_B_003,B,su9_vj_0355,1
demo_B_003,B,su9_vj_2857,1
demo_B_003,B,su9_vj_2784,1
demo_B_003,B,su9_vj_0407,1
demo_B_003,B,su9_vj_2621,1
demo_B_003,B,su9_vj_2651,1
demo_B_003,B,su9_vj_1276,1
demo_B_003,B,su9_vj_0552,0
demo_B_003,B,su9_vj_0093,1
demo_B_003,B,su9_vj_0525,1
demo_B_003,B,su9_vj_0358,1
demo_B_003,B,su9_vj_0589,1
demo_B_003,B,su9_vj_2531,1
demo_B_003,B,su9_vj_0031,1
demo_B_004,B,su9_vj_0154,0
demo_B_004,B,su9_vj_2714,1
demo_B_004,B,su9_vj_2322,1
demo_B_004,B,su9_vj_1832,1
demo_B_004,B,su9_vj_1749,1
demo_B_004,B,su9_vj_2250,1
demo_B_004,B,su9_vj_1767,1
demo_B_004,B,su9_vj_0449,1
demo_B_004,B,su9_vj_3082,1
demo_B_004,B,su9_vj_0464,1
demo_B_004,B,su9_vj_1780,1
demo_B_004,B,su9_vj_0149,1
demo_B_004,B,su9_vj_2838,1
demo_B_004,B,su9_vj_0434,1
demo_B_004,B,su9_vj_2963,0
demo_B_004,B,su9_vj_0143,1
demo_B_004,B,su9_vj_0448,1
demo_B_004,B,su9_vj_0451,0
demo_B_004,B,su9_vj_2246,1
demo_B_004,B,su9_vj_2196,1
demo_B_004,B,su9_vj_0206,1
demo_B_004,B,su9_vj_2827,1
demo_B_004,B,su9_vj_2913,1
demo_B_004,B,su9_vj_2385,1
demo_B_004,B,su9_vj_0348,1
demo_B_004,B,su9_vj_0083,1
demo_B_004,B,su9_vj_0355,1
demo_B_004,B,su9_vj_2857,1
demo_B_004,B,su9_vj_2784,1
demo_B_004,B,su9_vj_0407,1
demo_B_004,B,su9_vj_2621,1
demo_B_004,B,su9_vj_2651,1
demo_B_004,B,su9_vj_1276,0
demo_B_004,B,su9_vj_0552,0
demo_B_004,B,su9_vj_0093,1
demo_B_004,B,su9_vj_0525,1
demo_B_004,B,su9_vj_0358,1
demo_B_004,B,su9_vj_0589,1
demo_B_004,B,su9_vj_2531,0
demo_B_004,B,su9_vj_0031,0
demo_B_005,B,su9_vj_0154,1
demo_B_005,B,su9_vj_2714,1
demo_B_005,B,su9_vj_2322,0
demo_B_005,B,su9_vj_1832,0
demo_B_005,B,su9_vj_1749,1
demo_B_005,B,su9_vj_2250,1
demo_B_005,B,su9_vj_1767,0
demo_B_005,B,su9_vj_0449,0
demo_B_005,B,su9_vj_3082,0
demo_B_005,B,su9_vj_0464,0
demo_B_005,B,su9_vj_1780,1
demo_B_005,B,su9_vj_0149,1
demo_B_005,B,su9_vj_2838,1
demo_B_005,B,su9_vj_0434,1
demo_B_005,B,su9_vj_2963,1
demo_B_005,B,su9_vj_0143,1
demo_B_005,B,su9_vj_0448,1
demo_B_005,B,su9_vj_0451,1
demo_B_005,B,su9_vj_2246,1
demo_B_005,B,su9_vj_2196,0
demo_B_005,B,su9_vj_0206,0
demo_B_005,B,su9_vj_2827,1
demo_B_005,B,su9_vj_2913,1
demo_B_005,B,su9_vj_2385,1
demo_B_005,B,su9_vj_0348,1
demo_B_005,B,su9_vj_0083,0
demo_B_005,B,su9_vj_0355,1
demo_B_005,B,su9_vj_2857,1
demo_B_005,B,su9_vj_2784,1
demo_B_005,B,su9_vj_0407,1
demo_B_005,B,su9_vj_2621,0
demo_B_005,B,su9_vj_2651,1
demo_B_005,B,su9_vj_1276,1
demo_B_005,B,su9_vj_0552,1
demo_B_005,B,su9_vj_0093,1
demo_B_005,B,su9_vj_0525,1
demo_B_005,B,su9_vj_0358,1
demo_B_005,B,su9_vj_0589,1
demo_B_005,B,su9_vj_2531,0
demo_B_005,B,su9_vj_0031,0
demo_B_006,B,su9_vj_0154,0
demo_B_006,B,su9_vj_2714,1
demo_B_006,B,su9_vj_2322,0
demo_B_006,B,su9_vj_1832,1
demo_B_006,B,su9_vj_1749,1
demo_B_006,B,su9_vj_2250,1
demo_B_006,B,su9_vj_1767,0
demo_B_006,B,su9_vj_0449,0
demo_B_006,B,su9_vj_3082,1
demo_B_006,B,su9_vj_0464,1
demo_B_006,B,su9_vj_1780,0
demo_B_006,B,su9_vj_0149,0
demo_B_006,B,su9_vj_2838,1
demo_B_006,B,su9_vj_0434,1
demo_B_006,B,su9_vj_2963,0
demo_B_006,B,su9_vj_0143,0
demo_B_006,B,su9_vj_0448,0
demo_B_006,B,su9_vj_0451,1
demo_B_006,B,su9_vj_2246,0
demo_B_006,B,su9_vj_2196,1
demo_B_006,B,su9_vj_0206,0
demo_B_006,B,su9_vj_2827,1
demo_B_006,B,su9_vj_2913,1
demo_B_006,B,su9_vj_2385,1
demo_B_006,B,su9_vj_0348,1
demo_B_006,B,su9_vj_0083,1
demo_B_006,B,su9_vj_0355,1
demo_B_006,B,su9_vj_2857,1
demo_B_006,B,su9_vj_2784,1
demo_B_006,B,su9_vj_0407,1
demo_B_006,B,su9_vj_2621,1
demo_B_006,B,su9_vj_2651,1
demo_B_006,B,su9_vj_1276,1
demo_B_006,B,su9_vj_0552,1
demo_B_006,B,su9_vj_0093,1
demo_B_006,B,su9_vj_0525,0
demo_B_006,B,su9_vj_0358,1
demo_B_006,B,su9_vj_0589,1
demo_B_006,B,su9_vj_2531,1
demo_B_006,B,su9_vj_0031,1
demo_B_007,B,su9_vj_0154,1
demo_B_007,B,su9_vj_2714,0
demo_B_007,B,su9_vj_2322,1
demo_B_007,B,su9_vj_1832,1
demo_B_007,B,su9_vj_1749,1
demo_B_007,B,su9_vj_2250,0
demo_B_007,B,su9_vj_1767,1
demo_B_007,B,su9_vj_0449,0
demo_B_007,B,su9_vj_3082,1
demo_B_007,B,su9_vj_0464,1
demo_B_007,B,su9_vj_1780,1
demo_B_007,B,su9_vj_0149,1
demo_B_007,B,su9_vj_2838,0
demo_B_007,B,su9_vj_0434,0
demo_B_007,B,su9_vj_2963,1
demo_B_007,B,su9_vj_0143,1
demo_B_007,B,su9_vj_0448,0
demo_B_007,B,su9_vj_0451,1
demo_B_007,B,su9_vj_2246,0
demo_B_007,B,su9_vj_2196,1
demo_B_007,B,su9_vj_0206,1
demo_B_007,B,su9_vj_2827,1
demo_B_007,B,su9_vj_2913,0
demo_B_007,B,su9_vj_2385,1
demo_B_007,B,su9_vj_0348,1
demo_B_007,B,su9_vj_0083,1
demo_B_007,B,su9_vj_0355,0
demo_B_007,B,su9_vj_2857,1
demo_B_007,B,su9_vj_2784,1
demo_B_007,B,su9_vj_0407,1
demo_B_007,B,su9_vj_2621,0
demo_B_007,B,su9_vj_2651,1
demo_B_007,B,su9_vj_1276,0
demo_B_007,B,su9_vj_0552,1
demo_B_007,B,su9_vj_0093,1
demo_B_007,B,su9_vj_0525,1
demo_B_007,B,su9_vj_0358,1
demo_B_007,B,su9_vj_0589,1
demo_B_007,B,su9_vj_2531,1
demo_B_007,B,su9_vj_0031,1
demo_B_008,B,su9_vj_0154,1
demo_B_008,B,su9_vj_2714,1
demo_B_008,B,su9_vj_2322,1
demo_B_008,B,su9_vj_1832,0
demo_B_008,B,su9_vj_1749,1
demo_B_008,B,su9_vj_2250,1
demo_B_008,B,su9_vj_1767,1
demo_B_008,B,su9_vj_0449,1
demo_B_008,B,su9_vj_3082,1
demo_B_008,B,su9_vj_0464,1
demo_B_008,B,su9_vj_1780,1
demo_B_008,B,su9_vj_0149,1
demo_B_008,B,su9_vj_2838,1
demo_B_008,B,su9_vj_0434,1
demo_B_008,B,su9_vj_2963,1
demo_B_008,B,su9_vj_0143,0
demo_B_008,B,su9_vj_0448,1
demo_B_008,B,su9_vj_0451,1
demo_B_008,B,su9_vj_2246,1
demo_B_008,B,su9_vj_2196,1
demo_B_008,B,su9_vj_0206,1
demo_B_008,B,su9_vj_2827,1
demo_B_008,B,su9_vj_2913,1
demo_B_008,B,su9_vj_2385,0
demo_B_008,B,su9_vj_0348,1
demo_B_008,B,su9_vj_0083,1
demo_B_008,B,su9_vj_0355,1
demo_B_008,B,su9_vj_2857,1
demo_B_008,B,su9_vj_2784,0
demo_B_008,B,su9_vj_0407,0
demo_B_008,B,su9_vj_2621,1
demo_B_008,B,su9_vj_2651,1
demo_B_008,B,su9_vj_1276,0
demo_B_008,B,su9_vj_0552,1
demo_B_008,B,su9_vj_0093,1
demo_B_008,B,su9_vj_0525,0
demo_B_008,B,su9_vj_0358,1
demo_B_008,B,su9_vj_0589,0
demo_B_008,B,su9_vj_2531,1
demo_B_008,B,su9_vj_0031,0
demo_B_009,B,su9_vj_0154,0
demo_B_009,B,su9_vj_2714,0
demo_B_009,B,su9_vj_2322,1
demo_B_009,B,su9_vj_1832,1
demo_B_009,B,su9_vj_1749,0
demo_B_009,B,su9_vj_2250,0
demo_B_009,B,su9_vj_1767,1
demo_B_009,B,su9_vj_0449,0
demo_B_009,B,su9_vj_3082,1
demo_B_009,B,su9_vj_0464,1
demo_B_009,B,su9_vj_1780,1
demo_B_009,B,su9_vj_0149,0
demo_B_009,B,su9_vj_2838,0
demo_B_009,B,su9_vj_0434,1
demo_B_009,B,su9_vj_2963,0
demo_B_009,B,su9_vj_0143,0
demo_B_009,B,su9_vj_0448,1
demo_B_009,B,su9_vj_0451,0
demo_B_009,B,su9_vj_2246,1
demo_B_009,B,su9_vj_2196,1
demo_B_009,B,su9_vj_0206,0
demo_B_009,B,su9_vj_2827,1
demo_B_009,B,su9_vj_2913,1
demo_B_009,B,su9_vj_2385,1
demo_B_009,B,su9_vj_0348,0
demo_B_009,B,su9_vj_0083,0
demo_B_009,B,su9_vj_0355,1
demo_B_009,B,su9_vj_2857,1
demo_B_009,B,su9_vj_2784,1
demo_B_009,B,su9_vj_0407,1
demo_B_009,B,su9_vj_2621,1
demo_B_009,B,su9_vj_2651,1
demo_B_009,B,su9_vj_1276,0
demo_B_009,B,su9_vj_0552,1
demo_B_009,B,su9_vj_0093,1
demo_B_009,B,su9_vj_0525,0
demo_B_009,B,su9_vj_0358,1
demo_B_009,B,su9_vj_0589,0
demo_B_009,B,su9_vj_2531,1
demo_B_009,B,su9_vj_0031,0
demo_B_010,B,su9_vj_0154,0
demo_B_010,B,su9_vj_2714,0
demo_B_010,B,su9_vj_2322,0
demo_B_010,B,su9_vj_1832,1
demo_B_010,B,su9_vj_1749,1
demo_B_010,B,su9_vj_2250,0
demo_B_010,B,su9_vj_1767,0
demo_B_010,B,su9_vj_0449,1
demo_B_010,B,su9_vj_3082,1
demo_B_010,B,su9_vj_0464,1
demo_B_010,B,su9_vj_1780,0
demo_B_010,B,su9_vj_0149,1
demo_B_010,B,su9_vj_2838,1
demo_B_010,B,su9_vj_0434,0
demo_B_010,B,su9_vj_2963,1
demo_B_010,B,su9_vj_0143,1
demo_B_010,B,su9_vj_0448,1
demo_B_010,B,su9_vj_0451,0
demo_B_010,B,su9_vj_2246,1
demo_B_010,B,su9_vj_2196,1
demo_B_010,B,su9_vj_0206,1
demo_B_010,B,su9_vj_2827,1
demo_B_010,B,su9_vj_2913,1
demo_B_010,B,su9_vj_2385,1
demo_B_010,B,su9_vj_0348,1
demo_B_010,B,su9_vj_0083,1
demo_B_010,B,su9_vj_0355,0
demo_B_010,B,su9_vj_2857,1
demo_B_010,B,su9_vj_2784,1
demo_B_010,B,su9_vj_0407,1
demo_B_010,B,su9_vj_2621,1
demo_B_010,B,su9_vj_2651,1
demo_B_010,B,su9_vj_1276,0
demo_B_010,B,su9_vj_0552,0
demo_B_010,B,su9_vj_0093,1
demo_B_010,B,su9_vj_0525,1
demo_B_010,B,su9_vj_0358,1
demo_B_010,B,su9_vj_0589,1
demo_B_010,B,su9_vj_2531,1
demo_B_010,B,su9_vj_0031,1
demo_B_011,B,su9_vj_0154,0
demo_B_011,B,su9_vj_2714,1
demo_B_011,B,su9_vj_2322,0
demo_B_011,B,su9_vj_1832,1
demo_B_011,B,su9_vj_1749,1
demo_B_011,B,su9_vj_2250,1
demo_B_011,B,su9_vj_1767,0
demo_B_011,B,su9_vj_0449,0
demo_B_011,B,su9_vj_3082,1
demo_B_011,B,su9_vj_0464,1
demo_B_011,B,su9_vj_1780,1
demo_B_011,B,su9_vj_0149,0
demo_B_011,B,su9_vj_2838,0
demo_B_011,B,su9_vj_0434,0
demo_B_011,B,su9_vj_2963,1
demo_B_011,B,su9_vj_0143,0
demo_B_011,B,su9_vj_0448,1
demo_B_011,B,su9_vj_0451,1
demo_B_011,B,su9_vj_2246,1
demo_B_011,B,su9_vj_2196,1
demo_B_011,B,su9_vj_0206,1
demo_B_011,B,su9_vj_2827,1
demo_B_011,B,su9_vj_2913,0
demo_B_011,B,su9_vj_2385,1
demo_B_011,B,su9_vj_0348,1
demo_B_011,B,su9_vj_0083,1
demo_B_011,B,su9_vj_0355,1
demo_B_011,B,su9_vj_2857,0
demo_B_011,B,su9_vj_2784,0
demo_B_011,B,su9_vj_0407,0
demo_B_011,B,su9_vj_2621,1
demo_B_011,B,su9_vj_2651,1
demo_B_011,B,su9_vj_1276,1
demo_B_011,B,su9_vj_0552,1
demo_B_011,B,su9_vj_0093,1
demo_B_011,B,su9_vj_0525,0
demo_B_011,B,su9_vj_0358,1
demo_B_011,B,su9_vj_0589,1
demo_B_011,B,su9_vj_2531,0
demo_B_011,B,su9_vj_0031,1
demo_B_012,B,su9_vj_0154,1
demo_B_012,B,su9_vj_2714,1
demo_B_012,B,su9_vj_2322,1
demo_B_012,B,su9_vj_1832,1
demo_B_012,B,su9_vj_1749,1
demo_B_012,B,su9_vj_2250,0
demo_B_012,B,su9_vj_1767,1
demo_B_012,B,su9_vj_0449,1
demo_B_012,B,su9_vj_3082,0
demo_B_012,B,su9_vj_0464,1
demo_B_012,B,su9_vj_1780,0
demo_B_012,B,su9_vj_0149,0
demo_B_012,B,su9_vj_2838,1
demo_B_012,B,su9_vj_0434,1
demo_B_012,B,su9_vj_2963,1
demo_B_012,B,su9_vj_0143,1
demo_B_012,B,su9_vj_0448,0
demo_B_012,B,su9_vj_0451,0
demo_B_012,B,su9_vj_2246,1
demo_B_012,B,su9_vj_2196,0
demo_B_012,B,su9_vj_0206,1
demo_B_012,B,su9_vj_2827,1
demo_B_012,B,su9_vj_2913,1
demo_B_012,B,su9_vj_2385,1
demo_B_012,B,su9_vj_0348,0
demo_B_012,B,su9_vj_0083,1
demo_B_012,B,su9_vj_0355,0
demo_B_012,B,su9_vj_2857,1
demo_B_012,B,su9_vj_2784,0
demo_B_012,B,su9_vj_0407,1
demo_B_012,B,su9_vj_2621,0
demo_B_012,B,su9_vj_2651,1
demo_B_012,B,su9_vj_1276,1
demo_B_012,B,su9_vj_0552,1
demo_B_012,B,su9_vj_0093,1
demo_B_012,B,su9_vj_0525,1
demo_B_012,B,su9_vj_0358,1
demo_B_012,B,su9_vj_0589,0
demo_B_012,B,su9_vj_2531,1
demo_B_012,B,su9_vj_0031,1
demo_B_013,B,su9_vj_0154,1
demo_B_013,B,su9_vj_2714,1
demo_B_013,B,su9_vj_2322,0
demo_B_013,B,su9_vj_1832,1
demo_B_013,B,su9_vj_1749,1
demo_B_013,B,su9_vj_2250,1
demo_B_013,B,su9_vj_1767,1
demo_B_013,B,su9_vj_0449,0
demo_B_013,B,su9_vj_3082,1
demo_B_013,B,su9_vj_0464,1
demo_B_013,B,su9_vj_1780,1
demo_B_013,B,su9_vj_0149,1
demo_B_013,B,su9_vj_2838,1
demo_B_013,B,su9_vj_0434,1
demo_B_013,B,su9_vj_2963,1
demo_B_013,B,su9_vj_0143,1
demo_B_013,B,su9_vj_0448,1
demo_B_013,B,su9_vj_0451,1
demo_B_013,B,su9_vj_2246,0
demo_B_013,B,su9_vj_2196,1
demo_B_013,B,su9_vj_0206,1
demo_B_013,B,su9_vj_2827,0
demo_B_013,B,su9_vj_2913,1
demo_B_013,B,su9_vj_2385,0
demo_B_013,B,su9_vj_0348,1
demo_B_013,B,su9_vj_0083,1
demo_B_013,B,su9_vj_0355,0
demo_B_013,B,su9_vj_2857,1
demo_B_013,B,su9_vj_2784,0
demo_B_013,B,su9_vj_0407,1
demo_B_013,B,su9_vj_2621,1
demo_B_013,B,su9_vj_2651,1
demo_B_013,B,su9_vj_1276,1
demo_B_013,B,su9_vj_0552,1
demo_B_013,B,su9_vj_0093,1
demo_B_013,B,su9_vj_0525,1
demo_B_013,B,su9_vj_0358,0
demo_B_013,B,su9_vj_0589,1
demo_B_013,B,su9_vj_2531,1
demo_B_013,B,su9_vj_0031,0
demo_B_014,B,su9_vj_0154,1
demo_B_014,B,su9_vj_2714,1
demo_B_014,B,su9_vj_2322,1
demo_B_014,B,su9_vj_1832,1
demo_B_014,B,su9_vj_1749,1
demo_B_014,B,su9_vj_2250,1
demo_B_014,B,su9_vj_1767,1
demo_B_014,B,su9_vj_0449,1
demo_B_014,B,su9_vj_3082,1
demo_B_014,B,su9_vj_0464,0
demo_B_014,B,su9_vj_1780,1
demo_B_014,B,su9_vj_0149,1
demo_B_014,B,su9_vj_2838,1
demo_B_014,B,su9_vj_0434,0
demo_B_014,B,su9_vj_2963,1
demo_B_014,B,su9_vj_0143,1
demo_B_014,B,su9_vj_0448,1
demo_B_014,B,su9_vj_0451,1
demo_B_014,B,su9_vj_2246,1
demo_B_014,B,su9_vj_2196,1
demo_B_014,B,su9_vj_0206,1
demo_B_014,B,su9_vj_2827,0
demo_B_014,B,su9_vj_2913,1
demo_B_014,B,su9_vj_2385,0
demo_B_014,B,su9_vj_0348,1
demo_B_014,B,su9_vj_0083,1
demo_B_014,B,su9_vj_0355,0
demo_B_014,B,su9_vj_2857,1
demo_B_014,B,su9_vj_2784,1
demo_B_014,B,su9_vj_0407,1
demo_B_014,B,su9_vj_2621,1
demo_B_014,B,su9_vj_2651,0
demo_B_014,B,su9_vj_1276,1
demo_B_014,B,su9_vj_0552,1
demo_B_014,B,su9_vj_0093,1
demo_B_014,B,su9_vj_0525,1
demo_B_014,B,su9_vj_0358,1
demo_B_014,B,su9_vj_0589,1
demo_B_014,B,su9_vj_2531,1
demo_B_014,B,su9_vj_0031,0
demo_B_015,B,su9_vj_0154,1
demo_B_015,B,su9_vj_2714,0
demo_B_015,B,su9_vj_2322,1
demo_B_015,B,su9_vj_1832,1
demo_B_015,B,su9_vj_1749,1
demo_B_015,B,su9_vj_2250,1
demo_B_015,B,su9_vj_1767,1
demo_B_015,B,su9_vj_0449,1
demo_B_015,B,su9_vj_3082,1
demo_B_015,B,su9_vj_0464,0
demo_B_015,B,su9_vj_1780,1
demo_B_015,B,su9_vj_0149,0
demo_B_015,B,su9_vj_2838,1
demo_B_015,B,su9_vj_0434,1
demo_B_015,B,su9_vj_2963,0
demo_B_015,B,su9_vj_0143,1
demo_B_015,B,su9_vj_0448,1
demo_B_015,B,su9_vj_0451,0
demo_B_015,B,su9_vj_2246,1
demo_B_015,B,su9_vj_2196,1
demo_B_015,B,su9_vj_0206,0
demo_B_015,B,su9_vj_2827,1
demo_B_015,B,su9_vj_2913,1
demo_B_015,B,su9_vj_2385,1
demo_B_015,B,su9_vj_0348,1
demo_B_015,B,su9_vj_0083,1
demo_B_015,B,su9_vj_0355,1
demo_B_015,B,su9_vj_2857,1
demo_B_015,B,su9_vj_2784,1
demo_B_015,B,su9_vj_0407,1
demo_B_015,B,su9_vj_2621,0
demo_B_015,B,su9_vj_2651,1
demo_B_015,B,su9_vj_1276,0
demo_B_015,B,su9_vj_0552,1
demo_B_015,B,su9_vj_0093,1
demo_B_015,B,su9_vj_0525,1
demo_B_015,B,su9_vj_0358,1
demo_B_015,B,su9_vj_0589,0
demo_B_015,B,su9_vj_2531,1
demo_B_015,B,su9_vj_0031,1
demo_B_016,B,su9_vj_0154,0
demo_B_016,B,su9_vj_2714,0
demo_B_016,B,su9_vj_2322,1
demo_B_016,B,su9_vj_1832,1
demo_B_016,B,su9_vj_1749,1
demo_B_016,B,su9_vj_2250,0
demo_B_016,B,su9_vj_1767,1
demo_B_016,B,su9_vj_0449,0
demo_B_016,B,su9_vj_3082,1
demo_B_016,B,su9_vj_0464,1
demo_B_016,B,su9_vj_1780,1
demo_B_016,B,su9_vj_0149,1
demo_B_016,B,su9_vj_2838,0
demo_B_016,B,su9_vj_0434,0
demo_B_016,B,su9_vj_2963,1
demo_B_016,B,su9_vj_0143,1
demo_B_016,B,su9_vj_0448,1
demo_B_016,B,su9_vj_0451,0
demo_B_016,B,su9_vj_2246,1
demo_B_016,B,su9_vj_2196,0
demo_B_016,B,su9_vj_0206,0
demo_B_016,B,su9_vj_2827,0
demo_B_016,B,su9_vj_2913,0
demo_B_016,B,su9_vj_2385,1
demo_B_016,B,su9_vj_0348,1
demo_B_016,B,su9_vj_0083,1
demo_B_016,B,su9_vj_0355,1
demo_B_016,B,su9_vj_2857,1
demo_B_016,B,su9_vj_2784,0
demo_B_016,B,su9_vj_0407,1
demo_B_016,B,su9_vj_2621,1
demo_B_016,B,su9_vj_2651,1
demo_B_016,B,su9_vj_1276,1
demo_B_016,B,su9_vj_0552,1
demo_B_016,B,su9_vj_0093,1
demo_B_016,B,su9_vj_0525,1
demo_B_016,B,su9_vj_0358,1
demo_B_016,B,su9_vj_0589,1
demo_B_016,B,su9_vj_2531,1
demo_B_016,B,su9_vj_0031,0
demo_B_017,B,su9_vj_0154,1
demo_B_017,B,su9_vj_2714,1
demo_B_017,B,su9_vj_2322,1
demo_B_017,B,su9_vj_1832,0
demo_B_017,B,su9_vj_1749,1
demo_B_017,B,su9_vj_2250,1
demo_B_017,B,su9_vj_1767,1
demo_B_017,B,su9_vj_0449,0
demo_B_017,B,su9_vj_3082,1
demo_B_017,B,su9_vj_0464,1
demo_B_017,B,su9_vj_1780,0
demo_B_017,B,su9_vj_0149,1
demo_B_017,B,su9_vj_2838,1
demo_B_017,B,su9_vj_0434,1
demo_B_017,B,su9_vj_2963,1
demo_B_017,B,su9_vj_0143,1
demo_B_017,B,su9_vj_0448,0
demo_B_017,B,su9_vj_0451,1
demo_B_017,B,su9_vj_2246,0
demo_B_017,B,su9_vj_2196,1
demo_B_017,B,su9_vj_0206,1
demo_B_017,B,su9_vj_2827,1
demo_B_017,B,su9_vj_2913,0
demo_B_017,B,su9_vj_2385,0
demo_B_017,B,su9_vj_0348,1
demo_B_017,B,su9_vj_0083,0
demo_B_017,B,su9_vj_0355,0
demo_B_017,B,su9_vj_2857,1
demo_B_017,B,su9_vj_2784,1
demo_B_017,B,su9_vj_0407,1
demo_B_017,B,su9_vj_2621,1
demo_B_017,B,su9_vj_2651,0
demo_B_017,B,su9_vj_1276,1
demo_B_017,B,su9_vj_0552,0
demo_B_017,B,su9_vj_0093,1
demo_B_017,B,su9_vj_0525,1
demo_B_017,B,su9_vj_0358,1
demo_B_017,B,su9_vj_0589,0
demo_B_017,B,su9_vj_2531,1
demo_B_017,B,su9_vj_0031,1
demo_B_018,B,su9_vj_0154,1
demo_B_018,B,su9_vj_2714,1
demo_B_018,B,su9_vj_2322,1
demo_B_018,B,su9_vj_1832,1
demo_B_018,B,su9_vj_1749,0
demo_B_018,B,su9_vj_2250,0
demo_B_018,B,su9_vj_1767,1
demo_B_018,B,su9_vj_0449,1
demo_B_018,B,su9_vj_3082,0
demo_B_018,B,su9_vj_0464,1
demo_B_018,B,su9_vj_1780,1
demo_B_018,B,su9_vj_0149,0
demo_B_018,B,su9_vj_2838,1
demo_B_018,B,su9_vj_0434,1
demo_B_018,B,su9_vj_2963,0
demo_B_018,B,su9_vj_0143,0
demo_B_018,B,su9_vj_0448,0
demo_B_018,B,su9_vj_0451,1
demo_B_018,B,su9_vj_2246,1
demo_B_018,B,su9_vj_2196,1
demo_B_018,B,su9_vj_0206,1
demo_B_018,B,su9_vj_2827,0
demo_B_018,B,su9_vj_2913,0
demo_B_018,B,su9_vj_2385,1
demo_B_018,B,su9_vj_0348,1
demo_B_018,B,su9_vj_0083,0
demo_B_018,B,su9_vj_0355,0
demo_B_018,B,su9_vj_2857,1
demo_B_018,B,su9_vj_2784,1
demo_B_018,B,su9_vj_0407,1
demo_B_018,B,su9_vj_2621,0
demo_B_018,B,su9_vj_2651,1
demo_B_018,B,su9_vj_1276,1
demo_B_018,B,su9_vj_0552,1
demo_B_018,B,su9_vj_0093,1
demo_B_018,B,su9_vj_0525,1
demo_B_018,B,su9_vj_0358,1
demo_B_018,B,su9_vj_0589,1
demo_B_018,B,su9_vj_2531,0
demo_B_018,B,su9_vj_0031,0
demo_B_019,B,su9_vj_0154,1
demo_B_019,B,su9_vj_2714,1
demo_B_019,B,su9_vj_2322,1
demo_B_019,B,su9_vj_1832,0
demo_B_019,B,su9_vj_1749,1
demo_B_019,B,su9_vj_2250,0
demo_B_019,B,su9_vj_1767,1
demo_B_019,B,su9_vj_0449,1
demo_B_019,B,su9_vj_3082,1
demo_B_019,B,su9_vj_0464,1
demo_B_019,B,su9_vj_1780,1
demo_B_019,B,su9_vj_0149,1
demo_B_019,B,su9_vj_2838,1
demo_B_019,B,su9_vj_0434,1
demo_B_019,B,su9_vj_2963,1
demo_B_019,B,su9_vj_0143,1
demo_B_019,B,su9_vj_0448,1
demo_B_019,B,su9_vj_0451,1
demo_B_019,B,su9_vj_2246,0
demo_B_019,B,su9_vj_2196,0
demo_B_019,B,su9_vj_0206,1
demo_B_019,B,su9_vj_2827,1
demo_B_019,B,su9_vj_2913,1
demo_B_019,B,su9_vj_2385,1
demo_B_019,B,su9_vj_0348,0
demo_B_019,B,su9_vj_0083,1
demo_B_019,B,su9_vj_0355,0
demo_B_019,B,su9_vj_2857,1
demo_B_019,B,su9_vj_2784,1
demo_B_019,B,su9_vj_0407,1
demo_B_019,B,su9_vj_2621,1
demo_B_019,B,su9_vj_2651,0
demo_B_019,B,su9_vj_1276,1
demo_B_019,B,su9_vj_0552,1
demo_B_019,B,su9_vj_0093,1
demo_B_019,B,su9_vj_0525,0
demo_B_019,B,su9_vj_0358,1
demo_B_019,B,su9_vj_0589,1
demo_B_019,B,su9_vj_2531,1
demo_B_019,B,su9_vj_0031,1
demo_C_000,C,su9_vj_0154,1
demo_C_000,C,su9_vj_2714,1
demo_C_000,C,su9_vj_2322,1
demo_C_000,C,su9_vj_1832,1
demo_C_000,C,su9_vj_1749,1
demo_C_000,C,su9_vj_2250,0
demo_C_000,C,su9_vj_1767,1
demo_C_000,C,su9_vj_0449,0
demo_C_000,C,su9_vj_3082,1
demo_C_000,C,su9_vj_0464,1
demo_C_000,C,su9_vj_0039,1
demo_C_000,C,su9_vj_0045,0
demo_C_000,C,su9_vj_0354,1
demo_C_000,C,su9_vj_0427,0
demo_C_000,C,su9_vj_1963,0
demo_C_000,C,su9_vj_2253,0
demo_C_000,C,su9_vj_1874,0
demo_C_000,C,su9_vj_2139,1
demo_C_000,C,su9_vj_2540,1
demo_C_000,C,su9_vj_3025,1
demo_C_000,C,su9_vj_0151,1
demo_C_000,C,su9_vj_0311,1
demo_C_000,C,su9_vj_2175,0
demo_C_000,C,su9_vj_0328,1
demo_C_000,C,su9_vj_2933,1
demo_C_000,C,su9_vj_0521,1
demo_C_000,C,su9_vj_2505,1
demo_C_000,C,su9_vj_0477,1
demo_C_000,C,su9_vj_1771,1
demo_C_000,C,su9_vj_1821,0
demo_C_000,C,su9_vj_0660,0
demo_C_000,C,su9_vj_0242,1
demo_C_000,C,su9_vj_0676,0
demo_C_000,C,su9_vj_0274,0
demo_C_000,C,su9_vj_2598,0
demo_C_000,C,su9_vj_2237,0
demo_C_000,C,su9_vj_2408,0
demo_C_000,C,su9_vj_3121,1
demo_C_000,C,su9_vj_2859,1
demo_C_000,C,su9_vj_1703,1
demo_C_001,C,su9_vj_0154,1
demo_C_001,C,su9_vj_2714,1
demo_C_001,C,su9_vj_2322,1
demo_C_001,C,su9_vj_1832,1
demo_C_001,C,su9_vj_1749,0
demo_C_001,C,su9_vj_2250,1
demo_C_001,C,su9_vj_1767,0
demo_C_001,C,su9_vj_0449,1
demo_C_001,C,su9_vj_3082,1
demo_C_001,C,su9_vj_0464,1
demo_C_001,C,su9_vj_0039,0
demo_C_001,C,su9_vj_0045,1
demo_C_001,C,su9_vj_0354,1
demo_C_001,C,su9_vj_0427,0
demo_C_001,C,su9_vj_1963,1
demo_C_001,C,su9_vj_2253,1
demo_C_001,C,su9_vj_1874,1
demo_C_001,C,su9_vj_2139,1
demo_C_001,C,su9_vj_2540,1
demo_C_001,C,su9_vj_3025,1
demo_C_001,C,su9_vj_0151,1
demo_C_001,C,su9_vj_0311,0
demo_C_001,C,su9_vj_2175,1
demo_C_001,C,su9_vj_0328,0
demo_C_001,C,su9_vj_2933,0
demo_C_001,C,su9_vj_0521,1
demo_C_001,C,su9_vj_2505,1
demo_C_001,C,su9_vj_0477,1
demo_C_001,C,su9_vj_1771,1
demo_C_001,C,su9_vj_1821,1
demo_C_001,C,su9_vj_0660,1
demo_C_001,C,su9_vj_0242,1
demo_C_001,C,su9_vj_0676,1
demo_C_001,C,su9_vj_0274,1
demo_C_001,C,su9_vj_2598,1
demo_C_001,C,su9_vj_2237,1
demo_C_001,C,su9_vj_2408,1
demo_C_001,C,su9_vj_3121,1
demo_C_001,C,su9_vj_2859,1
demo_C_001,C,su9_vj_1703,1
demo_C_002,C,su9_vj_0154,1
demo_C_002,C,su9_vj_2714,0
demo_C_002,C,su9_vj_2322,1
demo_C_002,C,su9_vj_1832,1
demo_C_002,C,su9_vj_1749,0
demo_C_002,C,su9_vj_2250,0
demo_C_002,C,su9_vj_1767,1
demo_C_002,C,su9_vj_0449,1
demo_C_002,C,su9_vj_3082,1
demo_C_002,C,su9_vj_0464,0
demo_C_002,C,su9_vj_0039,1
demo_C_002,C,su9_vj_0045,0
demo_C_002,C,su9_vj_0354,1
demo_C_002,C,su9_vj_0427,1
demo_C_002,C,su9_vj_1963,1
demo_C_002,C,su9_vj_2253,1
demo_C_002,C,su9_vj_1874,1
demo_C_002,C,su9_vj_2139,1
demo_C_002,C,su9_vj_2540,1
demo_C_002,C,su9_vj_3025,1
demo_C_002,C,su9_vj_0151,1
demo_C_002,C,su9_vj_0311,1
demo_C_002,C,su9_vj_2175,1
demo_C_002,C,su9_vj_0328,1
demo_C_002,C,su9_vj_2933,1
demo_C_002,C,su9_vj_0521,1
demo_C_002,C,su9_vj_2505,0
demo_C_002,C,su9_vj_0477,0
demo_C_002,C,su9_vj_1771,1
demo_C_002,C,su9_vj_1821,1
demo_C_002,C,su9_vj_0660,0
demo_C_002,C,su9_vj_0242,1
demo_C_002,C,su9_vj_0676,1
demo_C_002,C,su9_vj_0274,1
demo_C_002,C,su9_vj_2598,1
demo_C_002,C,su9_vj_2237,1
demo_C_002,C,su9_vj_2408,1
demo_C_002,C,su9_vj_3121,1
demo_C_002,C,su9_vj_2859,1
demo_C_002,C,su9_vj_1703,1
demo_C_003,C,su9_vj_0154,1
demo_C_003,C,su9_vj_2714,1
demo_C_003,C,su9_vj_2322,1
demo_C_003,C,su9_vj_1832,1
demo_C_003,C,su9_vj_1749,1
demo_C_003,C,su9_vj_2250,1
demo_C_003,C,su9_vj_1767,1
demo_C_003,C,su9_vj_0449,1
demo_C_003,C,su9_vj_3082,1
demo_C_003,C,su9_vj_0464,0
demo_C_003,C,su9_vj_0039,0
demo_C_003,C,su9_vj_0045,0
demo_C_003,C,su9_vj_0354,1
demo_C_003,C,su9_vj_0427,1
demo_C_003,C,su9_vj_1963,0
demo_C_003,C,su9_vj_2253,1
demo_C_003,C,su9_vj_1874,1
demo_C_003,C,su9_vj_2139,1
demo_C_003,C,su9_vj_2540,1
demo_C_003,C,su9_vj_3025,1
demo_C_003,C,su9_vj_0151,0
demo_C_003,C,su9_vj_0311,1
demo_C_003,C,su9_vj_2175,1
demo_C_003,C,su9_vj_0328,1
demo_C_003,C,su9_vj_2933,0
demo_C_003,C,su9_vj_0521,1
demo_C_003,C,su9_vj_2505,1
demo_C_003,C,su9_vj_0477,1
demo_C_003,C,su9_vj_1771,1
demo_C_003,C,su9_vj_1821,1
demo_C_003,C,su9_vj_0660,1
demo_C_003,C,su9_vj_0242,0
demo_C_003,C,su9_vj_0676,0
demo_C_003,C,su9_vj_0274,1
demo_C_003,C,su9_vj_2598,1
demo_C_003,C,su9_vj_2237,1
demo_C_003,C,su9_vj_2408,1
demo_C_003,C,su9_vj_3121,0
demo_C_003,C,su9_vj_2859,0
demo_C_003,C,su9_vj_1703,0
demo_C_004,C,su9_vj_0154,1
demo_C_004,C,su9_vj_2714,1
demo_C_004,C,su9_vj_2322,1
demo_C_004,C,su9_vj_1832,0
demo_C_004,C,su9_vj_1749,1
demo_C_004,C,su9_vj_2250,1
demo_C_004,C,su9_vj_1767,0
demo_C_004,C,su9_vj_0449,0
demo_C_004,C,su9_vj_3082,1
demo_C_004,C,su9_vj_0464,1
demo_C_004,C,su9_vj_0039,1
demo_C_004,C,su9_vj_0045,0
demo_C_004,C,su9_vj_0354,1
demo_C_004,C,su9_vj_0427,1
demo_C_004,C,su9_vj_1963,0
demo_C_004,C,su9_vj_2253,1
demo_C_004,C,su9_vj_1874,1
demo_C_004,C,su9_vj_2139,0
demo_C_004,C,su9_vj_2540,1
demo_C_004,C,su9_vj_3025,1
demo_C_004,C,su9_vj_0151,1
demo_C_004,C,su9_vj_0311,0
demo_C_004,C,su9_vj_2175,1
demo_C_004,C,su9_vj_0328,1
demo_C_004,C,su9_vj_2933,1
demo_C_004,C,su9_vj_0521,1
demo_C_004,C,su9_vj_2505,0
demo_C_004,C,su9_vj_0477,1
demo_C_004,C,su9_vj_1771,1
demo_C_004,C,su9_vj_1821,1
demo_C_004,C,su9_vj_0660,1
demo_C_004,C,su9_vj_0242,1
demo_C_004,C,su9_vj_0676,1
demo_C_004,C,su9_vj_0274,1
demo_C_004,C,su9_vj_2598,0
demo_C_004,C,su9_vj_2237,0
demo_C_004,C,su9_vj_2408,1
demo_C_004,C,su9_vj_3121,1
demo_C_004,C,su9_vj_2859,1
demo_C_004,C,su9_vj_1703,1
demo_C_005,C,su9_vj_0154,1
demo_C_005,C,su9_vj_2714,1
demo_C_005,C,su9_vj_2322,0
demo_C_005,C,su9_vj_1832,1
demo_C_005,C,su9_vj_1749,1
demo_C_005,C,su9_vj_2250,1
demo_C_005,C,su9_vj_1767,0
demo_C_005,C,su9_vj_0449,1
demo_C_005,C,su9_vj_3082,0
demo_C_005,C,su9_vj_0464,1
demo_C_005,C,su9_vj_0039,1
demo_C_005,C,su9_vj_0045,1
demo_C_005,C,su9_vj_0354,0
demo_C_005,C,su9_vj_0427,1
demo_C_005,C,su9_vj_1963,1
demo_C_005,C,su9_vj_2253,0
demo_C_005,C,su9_vj_1874,0
demo_C_005,C,su9_vj_2139,0
demo_C_005,C,su9_vj_2540,1
demo_C_005,C,su9_vj_3025,1
demo_C_005,C,su9_vj_0151,1
demo_C_005,C,su9_vj_0311,0
demo_C_005,C,su9_vj_2175,1
demo_C_005,C,su9_vj_0328,0
demo_C_005,C,su9_vj_2933,1
demo_C_005,C,su9_vj_0521,0
demo_C_005,C,su9_vj_2505,1
demo_C_005,C,su9_vj_0477,0
demo_C_005,C,su9_vj_1771,1
demo_C_005,C,su9_vj_1821,1
demo_C_005,C,su9_vj_0660,1
demo_C_005,C,su9_vj_0242,1
demo_C_005,C,su9_vj_0676,0
demo_C_005,C,su9_vj_0274,0
demo_C_005,C,su9_vj_2598,1
demo_C_005,C,su9_vj_2237,1
demo_C_005,C,su9_vj_2408,1
demo_C_005,C,su9_vj_3121,0
demo_C_005,C,su9_vj_2859,1
demo_C_005,C,su9_vj_1703,1
demo_C_006,C,su9_vj_0154,1
demo_C_006,C,su9_vj_2714,1
demo_C_006,C,su9_vj_2322,1
demo_C_006,C,su9_vj_1832,1
demo_C_006,C,su9_vj_1749,0
demo_C_006,C,su9_vj_2250,1
demo_C_006,C,su9_vj_1767,1
demo_C_006,C,su9_vj_0449,1
demo_C_006,C,su9_vj_3082,1
demo_C_006,C,su9_vj_0464,1
demo_C_006,C,su9_vj_0039,1
demo_C_006,C,su9_vj_0045,0
demo_C_006,C,su9_vj_0354,1
demo_C_006,C,su9_vj_0427,1
demo_C_006,C,su9_vj_1963,1
demo_C_006,C,su9_vj_2253,1
demo_C_006,C,su9_vj_1874,1
demo_C_006,C,su9_vj_2139,0
demo_C_006,C,su9_vj_2540,1
demo_C_006,C,su9_vj_3025,1
demo_C_006,C,su9_vj_0151,1
demo_C_006,C,su9_vj_0311,1
demo_C_006,C,su9_vj_2175,1
demo_C_006,C,su9_vj_0328,0
demo_C_006,C,su9_vj_2933,1
demo_C_006,C,su9_vj_0521,1
demo_C_006,C,su9_vj_2505,0
demo_C_006,C,su9_vj_0477,1
demo_C_006,C,su9_vj_1771,1
demo_C_006,C,su9_vj_1821,0
demo_C_006,C,su9_vj_0660,1
demo_C_006,C,su9_vj_0242,1
demo_C_006,C,su9_vj_0676,1
demo_C_006,C,su9_vj_0274,0
demo_C_006,C,su9_vj_2598,0
demo_C_006,C,su9_vj_2237,1
demo_C_006,C,su9_vj_2408,1
demo_C_006,C,su9_vj_3121,0
demo_C_006,C,su9_vj_2859,1
demo_C_006,C,su9_vj_1703,0
demo_C_007,C,su9_vj_0154,1
demo_C_007,C,su9_vj_2714,0
demo_C_007,C,su9_vj_2322,1
demo_C_007,C,su9_vj_1832,1
demo_C_007,C,su9_vj_1749,1
demo_C_007,C,su9_vj_2250,1
demo_C_007,C,su9_vj_1767,1
demo_C_007,C,su9_vj_0449,0
demo_C_007,C,su9_vj_3082,1
demo_C_007,C,su9_vj_0464,1
demo_C_007,C,su9_vj_0039,1
demo_C_007,C,su9_vj_0045,1
demo_C_007,C,su9_vj_0354,1
demo_C_007,C,su9_vj_0427,1
demo_C_007,C,su9_vj_1963,1
demo_C_007,C,su9_vj_2253,0
demo_C_007,C,su9_vj_1874,0
demo_C_007,C,su9_vj_2139,1
demo_C_007,C,su9_vj_2540,1
demo_C_007,C,su9_vj_3025,0
demo_C_007,C,su9_vj_0151,1
demo_C_007,C,su9_vj_0311,1
demo_C_007,C,su9_vj_2175,1
demo_C_007,C,su9_vj_0328,0
demo_C_007,C,su9_vj_2933,1
demo_C_007,C,su9_vj_0521,1
demo_C_007,C,su9_vj_2505,1
demo_C_007,C,su9_vj_0477,0
demo_C_007,C,su9_vj_1771,0
demo_C_007,C,su9_vj_1821,1
demo_C_007,C,su9_vj_0660,1
demo_C_007,C,su9_vj_0242,1
demo_C_007,C,su9_vj_0676,1
demo_C_007,C,su9_vj_0274,0
demo_C_007,C,su9_vj_2598,0
demo_C_007,C,su9_vj_2237,0
demo_C_007,C,su9_vj_2408,1
demo_C_007,C,su9_vj_3121,1
demo_C_007,C,su9_vj_2859,1
demo_C_007,C,su9_vj_1703,1
demo_C_008,C,su9_vj_0154,0
demo_C_008,C,su9_vj_2714,0
demo_C_008,C,su9_vj_2322,1
demo_C_008,C,su9_vj_1832,1
demo_C_008,C,su9_vj_1749,1
demo_C_008,C,su9_vj_2250,1
demo_C_008,C,su9_vj_1767,0
demo_C_008,C,su9_vj_0449,1
demo_C_008,C,su9_vj_3082,1
demo_C_008,C,su9_vj_0464,1
demo_C_008,C,su9_vj_0039,0
demo_C_008,C,su9_vj_0045,1
demo_C_008,C,su9_vj_0354,0
demo_C_008,C,su9_vj_0427,1
demo_C_008,C,su9_vj_1963,1
demo_C_008,C,su9_vj_2253,1
demo_C_008,C,su9_vj_1874,1
demo_C_008,C,su9_vj_2139,1
demo_C_008,C,su9_vj_2540,1
demo_C_008,C,su9_vj_3025,1
demo_C_008,C,su9_vj_0151,0
demo_C_008,C,su9_vj_0311,1
demo_C_008,C,su9_vj_2175,1
demo_C_008,C,su9_vj_0328,1
demo_C_008,C,su9_vj_2933,0
demo_C_008,C,su9_vj_0521,1
demo_C_008,C,su9_vj_2505,0
demo_C_008,C,su9_vj_0477,1
demo_C_008,C,su9_vj_1771,1
demo_C_008,C,su9_vj_1821,0
demo_C_008,C,su9_vj_0660,0
demo_C_008,C,su9_vj_0242,1
demo_C_008,C,su9_vj_0676,1
demo_C_008,C,su9_vj_0274,1
demo_C_008,C,su9_vj_2598,1
demo_C_008,C,su9_vj_2237,1
demo_C_008,C,su9_vj_2408,0
demo_C_008,C,su9_vj_3121,1
demo_C_008,C,su9_vj_2859,1
demo_C_008,C,su9_vj_1703,0
demo_C_009,C,su9_vj_0154,1
demo_C_009,C,su9_vj_2714,1
demo_C_009,C,su9_vj_2322,1
demo_C_009,C,su9_vj_1832,1
demo_C_009,C,su9_vj_1749,1
demo_C_009,C,su9_vj_2250,1
demo_C_009,C,su9_vj_1767,0
demo_C_009,C,su9_vj_0449,1
demo_C_009,C,su9_vj_3082,1
demo_C_009,C,su9_vj_0464,0
demo_C_009,C,su9_vj_0039,0
demo_C_009,C,su9_vj_0045,0
demo_C_009,C,su9_vj_0354,1
demo_C_009,C,su9_vj_0427,0
demo_C_009,C,su9_vj_1963,0
demo_C_009,C,su9_vj_2253,1
demo_C_009,C,su9_vj_1874,0
demo_C_009,C,su9_vj_2139,1
demo_C_009,C,su9_vj_2540,1
demo_C_009,C,su9_vj_3025,0
demo_C_009,C,su9_vj_0151,1
demo_C_009,C,su9_vj_0311,1
demo_C_009,C,su9_vj_2175,1
demo_C_009,C,su9_vj_0328,1
demo_C_009,C,su9_vj_2933,1
demo_C_009,C,su9_vj_0521,1
demo_C_009,C,su9_vj_2505,0
demo_C_009,C,su9_vj_0477,1
demo_C_009,C,su9_vj_1771,1
demo_C_009,C,su9_vj_1821,0
demo_C_009,C,su9_vj_0660,0
demo_C_009,C,su9_vj_0242,1
demo_C_009,C,su9_vj_0676,1
demo_C_009,C,su9_vj_0274,1
demo_C_009,C,su9_vj_2598,1
demo_C_009,C,su9_vj_2237,0
demo_C_009,C,su9_vj_2408,0
demo_C_009,C,su9_vj_3121,0
demo_C_009,C,su9_vj_2859,1
demo_C_009,C,su9_vj_1703,1
demo_C_010,C,su9_vj_0154,1
demo_C_010,C,su9_vj_2714,1
demo_C_010,C,su9_vj_2322,1
demo_C_010,C,su9_vj_1832,1
demo_C_010,C,su9_vj_1749,0
demo_C_010,C,su9_vj_2250,1
demo_C_010,C,su9_vj_1767,1
demo_C_010,C,su9_vj_0449,0
demo_C_010,C,su9_vj_3082,1
demo_C_010,C,su9_vj_0464,0
demo_C_010,C,su9_vj_0039,1
demo_C_010,C,su9_vj_0045,1
demo_C_010,C,su9_vj_0354,1
demo_C_010,C,su9_vj_0427,1
demo_C_010,C,su9_vj_1963,0
demo_C_010,C,su9_vj_2253,1
demo_C_010,C,su9_vj_1874,0
demo_C_010,C,su9_vj_2139,1
demo_C_010,C,su9_vj_2540,1
demo_C_010,C,su9_vj_3025,1
demo_C_010,C,su9_vj_0151,1
demo_C_010,C,su9_vj_0311,1
demo_C_010,C,su9_vj_2175,1
demo_C_010,C,su9_vj_0328,1
demo_C_010,C,su9_vj_2933,0
demo_C_010,C,su9_vj_0521,1
demo_C_010,C,su9_vj_2505,1
demo_C_010,C,su9_vj_0477,0
demo_C_010,C,su9_vj_1771,1
demo_C_010,C,su9_vj_1821,0
demo_C_010,C,su9_vj_0660,1
demo_C_010,C,su9_vj_0242,1
demo_C_010,C,su9_vj_0676,1
demo_C_010,C,su9_vj_0274,0
demo_C_010,C,su9_vj_2598,1
demo_C_010,C,su9_vj_2237,1
demo_C_010,C,su9_vj_2408,0
demo_C_010,C,su9_vj_3121,1
demo_C_010,C,su9_vj_2859,1
demo_C_010,C,su9_vj_1703,0
demo_C_011,C,su9_vj_0154,1
demo_C_011,C,su9_vj_2714,1
demo_C_011,C,su9_vj_2322,1
demo_C_011,C,su9_vj_1832,0
demo_C_011,C,su9_vj_1749,0
demo_C_011,C,su9_vj_2250,1
demo_C_011,C,su9_vj_1767,1
demo_C_011,C,su9_vj_0449,1
demo_C_011,C,su9_vj_3082,1
demo_C_011,C,su9_vj_0464,1
demo_C_011,C,su9_vj_0039,1
demo_C_011,C,su9_vj_0045,0
demo_C_011,C,su9_vj_0354,0
demo_C_011,C,su9_vj_0427,0
demo_C_011,C,su9_vj_1963,1
demo_C_011,C,su9_vj_2253,1
demo_C_011,C,su9_vj_1874,1
demo_C_011,C,su9_vj_2139,1
demo_C_011,C,su9_vj_2540,1
demo_C_011,C,su9_vj_3025,0
demo_C_011,C,su9_vj_0151,0
demo_C_011,C,su9_vj_0311,1
demo_C_011,C,su9_vj_2175,1
demo_C_011,C,su9_vj_0328,1
demo_C_011,C,su9_vj_2933,1
demo_C_011,C,su9_vj_0521,0
demo_C_011,C,su9_vj_2505,0
demo_C_011,C,su9_vj_0477,1
demo_C_011,C,su9_vj_1771,0
demo_C_011,C,su9_vj_1821,1
demo_C_011,C,su9_vj_0660,1
demo_C_011,C,su9_vj_0242,1
demo_C_011,C,su9_vj_0676,0
demo_C_011,C,su9_vj_0274,1
demo_C_011,C,su9_vj_2598,1
demo_C_011,C,su9_vj_2237,1
demo_C_011,C,su9_vj_2408,0
demo_C_011,C,su9_vj_3121,1
demo_C_011,C,su9_vj_2859,0
demo_C_011,C,su9_vj_1703,1
demo_C_012,C,su9_vj_0154,1
demo_C_012,C,su9_vj_2714,1
demo_C_012,C,su9_vj_2322,0
demo_C_012,C,su9_vj_1832,0
demo_C_012,C,su9_vj_1749,0
demo_C_012,C,su9_vj_2250,1
demo_C_012,C,su9_vj_1767,1
demo_C_012,C,su9_vj_0449,1
demo_C_012,C,su9_vj_3082,1
demo_C_012,C,su9_vj_0464,1
demo_C_012,C,su9_vj_0039,0
demo_C_012,C,su9_vj_0045,1
demo_C_012,C,su9_vj_0354,1
demo_C_012,C,su9_vj_0427,0
demo_C_012,C,su9_vj_1963,0
demo_C_012,C,su9_vj_2253,1
demo_C_012,C,su9_vj_1874,1
demo_C_012,C,su9_vj_2139,1
demo_C_012,C,su9_vj_2540,1
demo_C_012,C,su9_vj_3025,0
demo_C_012,C,su9_vj_0151,1
demo_C_012,C,su9_vj_0311,1
demo_C_012,C,su9_vj_2175,1
demo_C_012,C,su9_vj_0328,1
demo_C_012,C,su9_vj_2933,0
demo_C_012,C,su9_vj_0521,1
demo_C_012,C,su9_vj_2505,0
demo_C_012,C,su9_vj_0477,1
demo_C_012,C,su9_vj_1771,1
demo_C_012,C,su9_vj_1821,1
demo_C_012,C,su9_vj_0660,1
demo_C_012,C,su9_vj_0242,0
demo_C_012,C,su9_vj_0676,0
demo_C_012,C,su9_vj_0274,1
demo_C_012,C,su9_vj_2598,1
demo_C_012,C,su9_vj_2237,1
demo_C_012,C,su9_vj_2408,0
demo_C_012,C,su9_vj_3121,1
demo_C_012,C,su9_vj_2859,1
demo_C_012,C,su9_vj_1703,1
demo_C_013,C,su9_vj_0154,1
demo_C_013,C,su9_vj_2714,1
demo_C_013,C,su9_vj_2322,1
demo_C_013,C,su9_vj_1832,1
demo_C_013,C,su9_vj_1749,1
demo_C_013,C,su9_vj_2250,1
demo_C_013,C,su9_vj_1767,0
demo_C_013,C,su9_vj_0449,1
demo_C_013,C,su9_vj_3082,1
demo_C_013,C,su9_vj_0464,1
demo_C_013,C,su9_vj_0039,1
demo_C_013,C,su9_vj_0045,0
demo_C_013,C,su9_vj_0354,0
demo_C_013,C,su9_vj_0427,0
demo_C_013,C,su9_vj_1963,1
demo_C_013,C,su9_vj_2253,1
demo_C_013,C,su9_vj_1874,1
demo_C_013,C,su9_vj_2139,1
demo_C_013,C,su9_vj_2540,1
demo_C_013,C,su9_vj_3025,0
demo_C_013,C,su9_vj_0151,1
demo_C_013,C,su9_vj_0311,1
demo_C_013,C,su9_vj_2175,1
demo_C_013,C,su9_vj_0328,1
demo_C_013,C,su9_vj_2933,1
demo_C_013,C,su9_vj_0521,1
demo_C_013,C,su9_vj_2505,1
demo_C_013,C,su9_vj_0477,0
demo_C_013,C,su9_vj_1771,0
demo_C_013,C,su9_vj_1821,1
demo_C_013,C,su9_vj_0660,1
demo_C_013,C,su9_vj_0242,1
demo_C_013,C,su9_vj_0676,0
demo_C_013,C,su9_vj_0274,1
demo_C_013,C,su9_vj_2598,0
demo_C_013,C,su9_vj_2237,0
demo_C_013,C,su9_vj_2408,1
demo_C_013,C,su9_vj_3121,1
demo_C_013,C,su9_vj_2859,1
demo_C_013,C,su9_vj_1703,0
demo_C_014,C,su9_vj_0154,1
demo_C_014,C,su9_vj_2714,1
demo_C_014,C,su9_vj_2322,1
demo_C_014,C,su9_vj_1832,0
demo_C_014,C,su9_vj_1749,0
demo_C_014,C,su9_vj_2250,1
demo_C_014,C,su9_vj_1767,1
demo_C_014,C,su9_vj_0449,0
demo_C_014,C,su9_vj_3082,1
demo_C_014,C,su9_vj_0464,1
demo_C_014,C,su9_vj_0039,0
demo_C_014,C,su9_vj_0045,1
demo_C_014,C,su9_vj_0354,0
demo_C_014,C,su9_vj_0427,1
demo_C_014,C,su9_vj_1963,1
demo_C_014,C,su9_vj_2253,0
demo_C_014,C,su9_vj_1874,1
demo_C_014,C,su9_vj_2139,1
demo_C_014,C,su9_vj_2540,1
demo_C_014,C,su9_vj_3025,1
demo_C_014,C,su9_vj_0151,1
demo_C_014,C,su9_vj_0311,0
demo_C_014,C,su9_vj_2175,0
demo_C_014,C,su9_vj_0328,1
demo_C_014,C,su9_vj_2933,1
demo_C_014,C,su9_vj_0521,1
demo_C_014,C,su9_vj_2505,1
demo_C_014,C,su9_vj_0477,1
demo_C_014,C,su9_vj_1771,1
demo_C_014,C,su9_vj_1821,1
demo_C_014,C,su9_vj_0660,1
demo_C_014,C,su9_vj_0242,0
demo_C_014,C,su9_vj_0676,1
demo_C_014,C,su9_vj_0274,0
demo_C_014,C,su9_vj_2598,1
demo_C_014,C,su9_vj_2237,1
demo_C_014,C,su9_vj_2408,1
demo_C_014,C,su9_vj_3121,0
demo_C_014,C,su9_vj_2859,0
demo_C_014,C,su9_vj_1703,1
demo_C_015,C,su9_vj_0154,0
demo_C_015,C,su9_vj_2714,0
demo_C_015,C,su9_vj_2322,1
demo_C_015,C,su9_vj_1832,0
demo_C_015,C,su9_vj_1749,1
demo_C_015,C,su9_vj_2250,1
demo_C_015,C,su9_vj_1767,1
demo_C_015,C,su9_vj_0449,0
demo_C_015,C,su9_vj_3082,1
demo_C_015,C,su9_vj_0464,1
demo_C_015,C,su9_vj_0039,1
demo_C_015,C,su9_vj_0045,1
demo_C_015,C,su9_vj_0354,0
demo_C_015,C,su9_vj_0427,1
demo_C_015,C,su9_vj_1963,1
demo_C_015,C,su9_vj_2253,1
demo_C_015,C,su9_vj_1874,1
demo_C_015,C,su9_vj_2139,1
demo_C_015,C,su9_vj_2540,1
demo_C_015,C,su9_vj_3025,0
demo_C_015,C,su9_vj_0151,0
demo_C_015,C,su9_vj_0311,0
demo_C_015,C,su9_vj_2175,1
demo_C_015,C,su9_vj_0328,0
demo_C_015,C,su9_vj_2933,1
demo_C_015,C,su9_vj_0521,0
demo_C_015,C,su9_vj_2505,1
demo_C_015,C,su9_vj_0477,0
demo_C_015,C,su9_vj_1771,1
demo_C_015,C,su9_vj_1821,1
demo_C_015,C,su9_vj_0660,1
demo_C_015,C,su9_vj_0242,1
demo_C_015,C,su9_vj_0676,1
demo_C_015,C,su9_vj_0274,1
demo_C_015,C,su9_vj_2598,0
demo_C_015,C,su9_vj_2237,1
demo_C_015,C,su9_vj_2408,1
demo_C_015,C,su9_vj_3121,0
demo_C_015,C,su9_vj_2859,1
demo_C_015,C,su9_vj_1703,1
demo_C_016,C,su9_vj_0154,0
demo_C_016,C,su9_vj_2714,0
demo_C_016,C,su9_vj_2322,1
demo_C_016,C,su9_vj_1832,1
demo_C_016,C,su9_vj_1749,1
demo_C_016,C,su9_vj_2250,0
demo_C_016,C,su9_vj_1767,1
demo_C_016,C,su9_vj_0449,1
demo_C_016,C,su9_vj_3082,0
demo_C_016,C,su9_vj_0464,0
demo_C_016,C,su9_vj_0039,1
demo_C_016,C,su9_vj_0045,0
demo_C_016,C,su9_vj_0354,0
demo_C_016,C,su9_vj_0427,1
demo_C_016,C,su9_vj_1963,1
demo_C_016,C,su9_vj_2253,1
demo_C_016,C,su9_vj_1874,1
demo_C_016,C,su9_vj_2139,0
demo_C_016,C,su9_vj_2540,1
demo_C_016,C,su9_vj_3025,1
demo_C_016,C,su9_vj_0151,1
demo_C_016,C,su9_vj_0311,0
demo_C_016,C,su9_vj_2175,1
demo_C_016,C,su9_vj_0328,0
demo_C_016,C,su9_vj_2933,1
demo_C_016,C,su9_vj_0521,1
demo_C_016,C,su9_vj_2505,1
demo_C_016,C,su9_vj_0477,0
demo_C_016,C,su9_vj_1771,1
demo_C_016,C,su9_vj_1821,1
demo_C_016,C,su9_vj_0660,1
demo_C_016,C,su9_vj_0242,1
demo_C_016,C,su9_vj_0676,1
demo_C_016,C,su9_vj_0274,1
demo_C_016,C,su9_vj_2598,1
demo_C_016,C,su9_vj_2237,0
demo_C_016,C,su9_vj_2408,1
demo_C_016,C,su9_vj_3121,1
demo_C_016,C,su9_vj_2859,1
demo_C_016,C,su9_vj_1703,1
demo_C_017,C,su9_vj_0154,1
demo_C_017,C,su9_vj_2714,1
demo_C_017,C,su9_vj_2322,1
demo_C_017,C,su9_vj_1832,0
demo_C_017,C,su9_vj_1749,0
demo_C_017,C,su9_vj_2250,1
demo_C_017,C,su9_vj_1767,1
demo_C_017,C,su9_vj_0449,1
demo_C_017,C,su9_vj_3082,1
demo_C_017,C,su9_vj_0464,1
demo_C_017,C,su9_vj_0039,1
demo_C_017,C,su9_vj_0045,1
demo_C_017,C,su9_vj_0354,0
demo_C_017,C,su9_vj_0427,0
demo_C_017,C,su9_vj_1963,1
demo_C_017,C,su9_vj_2253,1
demo_C_017,C,su9_vj_1874,1
demo_C_017,C,su9_vj_2139,0
demo_C_017,C,su9_vj_2540,0
demo_C_017,C,su9_vj_3025,0
demo_C_017,C,su9_vj_0151,1
demo_C_017,C,su9_vj_0311,1
demo_C_017,C,su9_vj_2175,0
demo_C_017,C,su9_vj_0328,0
demo_C_017,C,su9_vj_2933,1
demo_C_017,C,su9_vj_0521,1
demo_C_017,C,su9_vj_2505,1
demo_C_017,C,su9_vj_0477,0
demo_C_017,C,su9_vj_1771,0
demo_C_017,C,su9_vj_1821,1
demo_C_017,C,su9_vj_0660,0
demo_C_017,C,su9_vj_0242,0
demo_C_017,C,su9_vj_0676,0
demo_C_017,C,su9_vj_0274,1
demo_C_017,C,su9_vj_2598,1
demo_C_017,C,su9_vj_2237,0
demo_C_017,C,su9_vj_2408,1
demo_C_017,C,su9_vj_3121,1
demo_C_017,C,su9_vj_2859,0
demo_C_017,C,su9_vj_1703,1
demo_C_018,C,su9_vj_0154,0
demo_C_018,C,su9_vj_2714,0
demo_C_018,C,su9_vj_2322,0
demo_C_018,C,su9_vj_1832,0
demo_C_018,C,su9_vj_1749,1
demo_C_018,C,su9_vj_2250,0
demo_C_018,C,su9_vj_1767,0
demo_C_018,C,su9_vj_0449,1
demo_C_018,C,su9_vj_3082,1
demo_C_018,C,su9_vj_0464,1
demo_C_018,C,su9_vj_0039,1
demo_C_018,C,su9_vj_0045,1
demo_C_018,C,su9_vj_0354,1
demo_C_018,C,su9_vj_0427,0
demo_C_018,C,su9_vj_1963,1
demo_C_018,C,su9_vj_2253,0
demo_C_018,C,su9_vj_1874,1
demo_C_018,C,su9_vj_2139,1
demo_C_018,C,su9_vj_2540,0
demo_C_018,C,su9_vj_3025,1
demo_C_018,C,su9_vj_0151,1
demo_C_018,C,su9_vj_0311,1
demo_C_018,C,su9_vj_2175,1
demo_C_018,C,su9_vj_0328,0
demo_C_018,C,su9_vj_2933,1
demo_C_018,C,su9_vj_0521,1
demo_C_018,C,su9_vj_2505,0
demo_C_018,C,su9_vj_0477,1
demo_C_018,C,su9_vj_1771,0
demo_C_018,C,su9_vj_1821,1
demo_C_018,C,su9_vj_0660,1
demo_C_018,C,su9_vj_0242,1
demo_C_018,C,su9_vj_0676,1
demo_C_018,C,su9_vj_0274,1
demo_C_018,C,su9_vj_2598,1
demo_C_018,C,su9_vj_2237,0
demo_C_018,C,su9_vj_2408,1
demo_C_018,C,su9_vj_3121,1
demo_C_018,C,su9_vj_2859,1
demo_C_018,C,su9_vj_1703,1
demo_C_019,C,su9_vj_0154,1
demo_C_019,C,su9_vj_2714,1
demo_C_019,C,su9_vj_2322,1
demo_C_019,C,su9_vj_1832,1
demo_C_019,C,su9_vj_1749,1
demo_C_019,C,su9_vj_2250,1
demo_C_019,C,su9_vj_1767,1
demo_C_019,C,su9_vj_0449,1
demo_C_019,C,su9_vj_3082,0
demo_C_019,C,su9_vj_0464,1
demo_C_019,C,su9_vj_0039,0
demo_C_019,C,su9_vj_0045,1
demo_C_019,C,su9_vj_0354,1
demo_C_019,C,su9_vj_0427,1
demo_C_019,C,su9_vj_1963,1
demo_C_019,C,su9_vj_2253,1
demo_C_019,C,su9_vj_1874,0
demo_C_019,C,su9_vj_2139,1
demo_C_019,C,su9_vj_2540,0
demo_C_019,C,su9_vj_3025,0
demo_C_019,C,su9_vj_0151,1
demo_C_019,C,su9_vj_0311,1
demo_C_019,C,su9_vj_2175,1
demo_C_019,C,su9_vj_0328,1
demo_C_019,C,su9_vj_2933,1
demo_C_019,C,su9_vj_0521,0
demo_C_019,C,su9_vj_2505,1
demo_C_019,C,su9_vj_0477,1
demo_C_019,C,su9_vj_1771,1
demo_C_019,C,su9_vj_1821,1
demo_C_019,C,su9_vj_0660,1
demo_C_019,C,su9_vj_0242,0
demo_C_019,C,su9_vj_0676,0
demo_C_019,C,su9_vj_0274,1
demo_C_019,C,su9_vj_2598,0
demo_C_019,C,su9_vj_2237,1
demo_C_019,C,su9_vj_2408,1
demo_C_019,C,su9_vj_3121,1
demo_C_019,C,su9_vj_2859,0
demo_C_019,C,su9_vj_1703,0
